LCSC,MPN,Datasheet,DatasheetRev,LocalDatasheet,LocalExists,PdfHeader,Status
C100001,RC0603FR-0730KL,https://datasheet.lcsc.com/datasheet/pdf/b426be3ce22c6de3e0c3a2248e49159e.pdf?productCode=C100001,,../datasheets/C100001/RC0603FR-0730KL.pdf,YES,YES,OK
C100044,RC0603FR-070RL,https://datasheet.lcsc.com/datasheet/pdf/b426be3ce22c6de3e0c3a2248e49159e.pdf?productCode=C100044,,../datasheets/C100044/RC0603FR-070RL.pdf,YES,YES,OK
C105871,RC0402FR-074K7L,https://datasheet.lcsc.com/datasheet/pdf/b426be3ce22c6de3e0c3a2248e49159e.pdf?productCode=C105871,,../datasheets/C105871/RC0402FR-074K7L.pdf,YES,YES,OK
C106199,CC0402JRNPO9BN100,https://datasheet.lcsc.com/datasheet/pdf/4eca2bb4b507f1633db47e922d632b95.pdf?productCode=C106199,,../datasheets/C106199/CC0402JRNPO9BN100.pdf,YES,YES,OK
C106225,RC0201FR-0710KL,https://datasheet.lcsc.com/datasheet/pdf/b426be3ce22c6de3e0c3a2248e49159e.pdf?productCode=C106225,,../datasheets/C106225/RC0201FR-0710KL.pdf,YES,YES,OK
C106226,RC0201FR-0710RL,https://datasheet.lcsc.com/datasheet/pdf/b426be3ce22c6de3e0c3a2248e49159e.pdf?productCode=C106226,,../datasheets/C106226/RC0201FR-0710RL.pdf,YES,YES,OK
C106227,RC0201FR-070RL,https://datasheet.lcsc.com/datasheet/pdf/b426be3ce22c6de3e0c3a2248e49159e.pdf?productCode=C106227,,../datasheets/C106227/RC0201FR-070RL.pdf,YES,YES,OK
C106231,RC0402FR-070RL,https://datasheet.lcsc.com/datasheet/pdf/b426be3ce22c6de3e0c3a2248e49159e.pdf?productCode=C106231,,../datasheets/C106231/RC0402FR-070RL.pdf,YES,YES,OK
C106235,RC0402FR-071KL,https://datasheet.lcsc.com/datasheet/pdf/b426be3ce22c6de3e0c3a2248e49159e.pdf?productCode=C106235,,../datasheets/C106235/RC0402FR-071KL.pdf,YES,YES,OK
C106858,CC0603KRX7R8BB105,https://datasheet.lcsc.com/datasheet/pdf/23ccee80ee542e7cf156a772bb589942.pdf?productCode=C106858,,../datasheets/C106858/CC0603KRX7R8BB105.pdf,YES,YES,OK
C106861,CC0402KRX7R9BB222,https://datasheet.lcsc.com/datasheet/pdf/23ccee80ee542e7cf156a772bb589942.pdf?productCode=C106861,,../datasheets/C106861/CC0402KRX7R9BB222.pdf,YES,YES,OK
C110696,PESDNC2XD5VB,https://datasheet.lcsc.com/datasheet/pdf/564b35af898142568b511bab046231ec.pdf?productCode=C110696,,../datasheets/C110696/PESDNC2XD5VB.pdf,YES,YES,OK
C113803,CC0603KRX7R0BB104,https://datasheet.lcsc.com/datasheet/pdf/23ccee80ee542e7cf156a772bb589942.pdf?productCode=C113803,,../datasheets/C113803/CC0603KRX7R0BB104.pdf,YES,YES,OK
C113804,CC0603KRX7R0BB222,https://datasheet.lcsc.com/datasheet/pdf/23ccee80ee542e7cf156a772bb589942.pdf?productCode=C113804,,../datasheets/C113804/CC0603KRX7R0BB222.pdf,YES,YES,OK
C1342773,STM32G473CEU6,https://datasheet.lcsc.com/datasheet/pdf/1b9d950ec99bcb3d8467c4cf47b6d36d.pdf?productCode=C1342773,,../datasheets/C1342773/STM32G473CEU6.pdf,YES,YES,OK
C138031,RC0402FR-0720RL,https://datasheet.lcsc.com/datasheet/pdf/b426be3ce22c6de3e0c3a2248e49159e.pdf?productCode=C138031,,../datasheets/C138031/RC0402FR-0720RL.pdf,YES,YES,OK
C138135,RC0201FR-074K7L,https://datasheet.lcsc.com/datasheet/pdf/b426be3ce22c6de3e0c3a2248e49159e.pdf?productCode=C138135,,../datasheets/C138135/RC0201FR-074K7L.pdf,YES,YES,OK
C138139,RC0201FR-0747KL,https://datasheet.lcsc.com/datasheet/pdf/b426be3ce22c6de3e0c3a2248e49159e.pdf?productCode=C138139,,../datasheets/C138139/RC0201FR-0747KL.pdf,YES,YES,OK
C138165,RC0201FR-071KL,https://datasheet.lcsc.com/datasheet/pdf/b426be3ce22c6de3e0c3a2248e49159e.pdf?productCode=C138165,,../datasheets/C138165/RC0201FR-071KL.pdf,YES,YES,OK
C144651,AC0603FR-074R7L,https://datasheet.lcsc.com/datasheet/pdf/3511efb0564cb1711d9237ab09d6e97b.pdf?productCode=C144651,,../datasheets/C144651/AC0603FR-074R7L.pdf,YES,YES,OK
C14675,RC0603FR-07100KL,https://datasheet.lcsc.com/datasheet/pdf/b426be3ce22c6de3e0c3a2248e49159e.pdf?productCode=C14675,,../datasheets/C14675/RC0603FR-07100KL.pdf,YES,YES,OK
C15725,CL10B104KC8NNNC,https://datasheet.lcsc.com/datasheet/pdf/02336ea48ea44ca18c72517dd3cb7b47.pdf?productCode=C15725,,../datasheets/C15725/CL10B104KC8NNNC.pdf,YES,YES,OK
C15771,"PESD1CAN,215",https://datasheet.lcsc.com/datasheet/pdf/f7e17f2784b44a479860aa1ec967b207.pdf?productCode=C15771,,"../datasheets/C15771/PESD1CAN,215.pdf",YES,YES,OK
C160407,SM08B-SRSS-TB(LF)(SN),https://datasheet.lcsc.com/datasheet/pdf/e03a82bcc66e3c3589917313e54d45e2.pdf?productCode=C160407,,../datasheets/C160407/SM08B-SRSS-TB(LF)(SN).pdf,YES,YES,OK
C161690,BM02B-GHS-TBT(LF)(SN),https://datasheet.lcsc.com/datasheet/pdf/6c69dfd9744c15167b2bdb9469440f45.pdf?productCode=C161690,,../datasheets/C161690/BM02B-GHS-TBT(LF)(SN).pdf,YES,YES,OK
C163437,RC0402JR-0762RL,https://datasheet.lcsc.com/datasheet/pdf/b426be3ce22c6de3e0c3a2248e49159e.pdf?productCode=C163437,,../datasheets/C163437/RC0402JR-0762RL.pdf,YES,YES,OK
C167883,FNR4030S220MT,https://datasheet.lcsc.com/datasheet/pdf/a0b12ba9dfe6b9e66b6bb852b7c71c03.pdf?productCode=C167883,,../datasheets/C167883/FNR4030S220MT.pdf,YES,YES,OK
C1705,CL10A475KP8NNNC,https://datasheet.lcsc.com/datasheet/pdf/02336ea48ea44ca18c72517dd3cb7b47.pdf?productCode=C1705,,../datasheets/C1705/CL10A475KP8NNNC.pdf,YES,YES,OK
C17701055,AGM12N10AP,https://datasheet.lcsc.com/datasheet/pdf/21584e9e0b8dd5776e6179ebabad0736.pdf?productCode=C17701055,,../datasheets/C17701055/AGM12N10AP.pdf,YES,YES,OK
C1851993,CSTNE8M00G52A000R0,https://datasheet.lcsc.com/datasheet/pdf/6229da9b14529ef4c771661e98fded14.pdf?productCode=C1851993,,../datasheets/C1851993/CSTNE8M00G52A000R0.pdf,YES,YES,OK
C189891,BM05B-GHS-TBT(LF)(SN)(N),https://datasheet.lcsc.com/datasheet/pdf/145d85af57fc54ac5a4f36dce2b36dd3.pdf?productCode=C189891,,../datasheets/C189891/BM05B-GHS-TBT(LF)(SN)(N).pdf,YES,YES,OK
C19077592,SMBJ58CA,https://datasheet.lcsc.com/datasheet/pdf/29e006ceaae5808e6d17d021de7bda89.pdf?productCode=C19077592,,../datasheets/C19077592/SMBJ58CA.pdf,YES,YES,OK
C20198121,TPT481L1-DF6R,https://datasheet.lcsc.com/datasheet/pdf/57d84db38a0df6dc0b15ff95535d9040.pdf?productCode=C20198121,,../datasheets/C20198121/TPT481L1-DF6R.pdf,YES,YES,OK
C22355736,XL-1005UBC,https://datasheet.lcsc.com/datasheet/pdf/7c777665dc6740ac42e09f3da6cdf7af.pdf?productCode=C22355736,,../datasheets/C22355736/XL-1005UBC.pdf,YES,YES,OK
C23829972,GRM188D72A105KE01D,https://datasheet.lcsc.com/datasheet/pdf/342cc637d93cd94474def6cbba680777.pdf?productCode=C23829972,,../datasheets/C23829972/GRM188D72A105KE01D.pdf,YES,YES,OK
C25503856,XL-1005UYC,https://datasheet.lcsc.com/datasheet/pdf/cca508f795cf6b2e43a998379b7431c6.pdf?productCode=C25503856,,../datasheets/C25503856/XL-1005UYC.pdf,YES,YES,OK
C25744,0402WGF1002TCE,https://atta.szlcsc.com/upload/public/pdf/source/20200306/C422600_1E6D84923E4A46A82E41ADD87F860B5C.pdf,,../datasheets/C25744/0402WGF1002TCE.pdf,YES,YES,OK
C273722,RC0402FR-07768KL,https://datasheet.lcsc.com/datasheet/pdf/b426be3ce22c6de3e0c3a2248e49159e.pdf?productCode=C273722,,../datasheets/C273722/RC0402FR-07768KL.pdf,YES,YES,OK
C274877,RC0201FR-076K8L,https://datasheet.lcsc.com/datasheet/pdf/b426be3ce22c6de3e0c3a2248e49159e.pdf?productCode=C274877,,../datasheets/C274877/RC0201FR-076K8L.pdf,YES,YES,OK
C2803380,CL05Y105KP6VPNC,https://datasheet.lcsc.com/datasheet/pdf/0b5a285c1df7dac78985feb71e334603.pdf?productCode=C2803380,,../datasheets/C2803380/CL05Y105KP6VPNC.pdf,YES,YES,OK
C2937625,PZ254V-11-03P,https://datasheet.lcsc.com/datasheet/pdf/3b85a1cdf6ed945f2e278f00c1e42442.pdf?productCode=C2937625,,../datasheets/C2937625/PZ254V-11-03P.pdf,YES,YES,OK
C3003063,AZ1117CH2-5.0TRG1,https://datasheet.lcsc.com/datasheet/pdf/73ec83269ecc00393489beefcda77d62.pdf?productCode=C3003063,,../datasheets/C3003063/AZ1117CH2-5.0TRG1.pdf,YES,YES,OK
C30111221,TCAN3413DDFR,https://www.ti.com.cn/cn/lit/ds/symlink/tcan3413.pdf?ts=1729475226790,,../datasheets/C30111221/TCAN3413DDFR.pdf,YES,YES,OK
C3039698,CL10B106MQ8NRNC,https://datasheet.lcsc.com/datasheet/pdf/25aeaed41ae8f3c7d2a7fa32796a6299.pdf?productCode=C3039698,,../datasheets/C3039698/CL10B106MQ8NRNC.pdf,YES,YES,OK
C307331,CL05B104KB54PNC,https://atta.szlcsc.com/upload/public/pdf/source/20160218/1457707763339.pdf,,../datasheets/C307331/CL05B104KB54PNC.pdf,YES,YES,OK
C329936,CGA4J1X7S1C106KT000N,https://datasheet.lcsc.com/datasheet/pdf/fb3179df2df2fa358ee13dff52d60ee7.pdf?productCode=C329936,,../datasheets/C329936/CGA4J1X7S1C106KT000N.pdf,YES,YES,OK
C3655801,DRV8300DRGER,https://datasheet.lcsc.com/datasheet/pdf/a4860e66f7c6c43aa2338ffa7b436a63.pdf?productCode=C3655801,,../datasheets/C3655801/DRV8300DRGER.pdf,YES,YES,OK
C3681371,MP6543HGL-Z,https://www.lcsc.com/datasheet/C3681371.pdf,Rev1.0,../datasheets/C3681371/MP6543HGL_Rev1.0.pdf,YES,YES,OK
C3743587,TLV74033PDBVR,https://datasheet.lcsc.com/datasheet/pdf/74cc79715a6266a346ca70f60eeb6334.pdf?productCode=C3743587,,../datasheets/C3743587/TLV74033PDBVR.pdf,YES,YES,OK
C382253,FM18X222K101PSG,https://datasheet.lcsc.com/datasheet/pdf/8aced6bf19551db75d1c722c291966af.pdf?productCode=C382253,,../datasheets/C382253/FM18X222K101PSG.pdf,YES,YES,OK
C408972,TLV74333PDBVR,https://datasheet.lcsc.com/datasheet/pdf/50b52a610636e868c962d6e98c6380b1.pdf?productCode=C408972,,../datasheets/C408972/TLV74333PDBVR.pdf,YES,YES,OK
C428721,XT30UPB-M,https://datasheet.lcsc.com/datasheet/pdf/ba32a477f0fac99ad6765808470a63b9.pdf?productCode=C428721,,../datasheets/C428721/XT30UPB-M.pdf,YES,YES,OK
C44209887,AP7375-33FDCW-7,https://datasheet.lcsc.com/datasheet/pdf/50aee3d4c5b227be75fbc9098ae4266b.pdf?productCode=C44209887,,../datasheets/C44209887/AP7375-33FDCW-7.pdf,YES,YES,OK
C47023655,DRV8376HNLGR,https://www.ti.com.cn/cn/lit/ds/symlink/drv8376.pdf,,../datasheets/C47023655/DRV8376HNLGR.pdf,YES,YES,OK
C474825,RC0201FR-0776K8L,https://datasheet.lcsc.com/datasheet/pdf/b426be3ce22c6de3e0c3a2248e49159e.pdf?productCode=C474825,,../datasheets/C474825/RC0201FR-0776K8L.pdf,YES,YES,OK
C477928,LM5164DDAR,https://datasheet.lcsc.com/datasheet/pdf/0adc8e389ed3e6197be57b9940aa6370.pdf?productCode=C477928,,../datasheets/C477928/LM5164DDAR.pdf,YES,YES,OK
C492420,PZ254V-12-6P,https://datasheet.lcsc.com/datasheet/pdf/50ec9710cee52ae98bff43fbb8887c5b.pdf?productCode=C492420,,../datasheets/C492420/PZ254V-12-6P.pdf,YES,YES,OK
C49257133,MT6701QT-ACD,https://datasheet.lcsc.com/datasheet/pdf/935357a86952b28e12ac9bd3d186d5d1.pdf?productCode=C49257133,Rev1.5,../datasheets/C49257133/MT6701_Rev1.5_2021.03.pdf,YES,YES,OK
C5138889,GPCA101-0502A001C1AA,https://datasheet.lcsc.com/datasheet/pdf/9791ba8c859df0647813150b8f9162a2.pdf?productCode=C5138889,,../datasheets/C5138889/GPCA101-0502A001C1AA.pdf,YES,YES,OK
C5156756,FS32X106K101EGG,https://datasheet.lcsc.com/datasheet/pdf/18a0c9f8bf4d73d021cc722eccd020e0.pdf?productCode=C5156756,,../datasheets/C5156756/FS32X106K101EGG.pdf,YES,YES,OK
C52148452,SMF58CA,https://datasheet.lcsc.com/datasheet/pdf/90fba666de3fbaa9b789dc2bc0adbecf.pdf?productCode=C52148452,,../datasheets/C52148452/SMF58CA.pdf,YES,YES,OK
C521963,SM712,https://www.lcsc.com/datasheet/C521963.pdf,,../datasheets/C521963/SM712.pdf,YES,YES,OK
C5224095,BZT52C13Q-7-F,https://datasheet.lcsc.com/datasheet/pdf/2ab659bd861bd3db83ae423c098a297a.pdf?productCode=C5224095,,../datasheets/C5224095/BZT52C13Q-7-F.pdf,YES,YES,OK
C524586,FXL0530-R10-M,https://datasheet.lcsc.com/datasheet/pdf/7ccab6d15d9e909aa3f3d55ed931dfcf.pdf?productCode=C524586,,../datasheets/C524586/FXL0530-R10-M.pdf,YES,YES,OK
C525226,FN15X104K500PKG,https://datasheet.lcsc.com/datasheet/pdf/3d771c0c586676719f80e96a0f8d9dcd.pdf?productCode=C525226,,../datasheets/C525226/FN15X104K500PKG.pdf,YES,YES,OK
C527014,CC0402KRX7R0BB103,https://datasheet.lcsc.com/datasheet/pdf/23ccee80ee542e7cf156a772bb589942.pdf?productCode=C527014,,../datasheets/C527014/CC0402KRX7R0BB103.pdf,YES,YES,OK
C52923,CL05A105KA5NQNC,https://atta.szlcsc.com/upload/public/pdf/source/20160218/1457707763339.pdf,,../datasheets/C52923/CL05A105KA5NQNC.pdf,YES,YES,OK
C534364,BSC070N10NS5,https://datasheet.lcsc.com/datasheet/pdf/85672115bc80b2ab20a76143a9527c0c.pdf?productCode=C534364,,../datasheets/C534364/BSC070N10NS5.pdf,YES,YES,OK
C5381667,AP7347DQ-33FDZW-7,https://atta.szlcsc.com/upload/public/pdf/source/20230314/3856240D523D935DC7C1B61A87430C15.pdf,,../datasheets/C5381667/AP7347DQ-33FDZW-7.pdf,YES,YES,OK
C54334395,GT-A0801WRS-108BBT01,https://datasheet.lcsc.com/datasheet/pdf/280a0ac82606d05a19e9b62f8ac57389.pdf?productCode=C54334395,,../datasheets/C54334395/GT-A0801WRS-108BBT01.pdf,YES,YES,OK
C54582078,SLESD11LE5.0C,https://atta.szlcsc.com/upload/public/pdf/source/20260407/8CFBFE2B8741D426B78BD31A162E1949.pdf,,../datasheets/C54582078/SLESD11LE5.0C.pdf,YES,YES,OK
C561710,FN03N100J500PLG,https://datasheet.lcsc.com/datasheet/pdf/1497a6a2cea2f2b0acf5e045d2bc193c.pdf?productCode=C561710,,../datasheets/C561710/FN03N100J500PLG.pdf,YES,YES,OK
C576517,GRM32EC72A106KE05L,https://datasheet.lcsc.com/datasheet/pdf/a5661d5fbdf2b41a50853cb83d84d655.pdf?productCode=C576517,,../datasheets/C576517/GRM32EC72A106KE05L.pdf,YES,YES,OK
C577211,CC1206KKX7R0BB225,https://datasheet.lcsc.com/datasheet/pdf/23ccee80ee542e7cf156a772bb589942.pdf?productCode=C577211,,../datasheets/C577211/CC1206KKX7R0BB225.pdf,YES,YES,OK
C57928,SN65HVD75DR,https://datasheet.lcsc.com/datasheet/pdf/819838ee06654d4b8c9e76b0a4745f2b.pdf?productCode=C57928,,../datasheets/C57928/SN65HVD75DR.pdf,YES,YES,OK
C596322,CC1206JKNPOZBN222,https://datasheet.lcsc.com/datasheet/pdf/9a86cbae8c34c796174906a7ab23dad0.pdf?productCode=C596322,,../datasheets/C596322/CC1206JKNPOZBN222.pdf,YES,YES,OK
C60137,CC0402JRNPO9BN470,https://datasheet.lcsc.com/datasheet/pdf/4eca2bb4b507f1633db47e922d632b95.pdf?productCode=C60137,,../datasheets/C60137/CC0402JRNPO9BN470.pdf,YES,YES,OK
C60490,RC0402FR-0710KL,https://datasheet.lcsc.com/datasheet/pdf/b426be3ce22c6de3e0c3a2248e49159e.pdf?productCode=C60490,,../datasheets/C60490/RC0402FR-0710KL.pdf,YES,YES,OK
C60491,RC0402FR-07100KL,https://datasheet.lcsc.com/datasheet/pdf/b426be3ce22c6de3e0c3a2248e49159e.pdf?productCode=C60491,,../datasheets/C60491/RC0402FR-07100KL.pdf,YES,YES,OK
C668346,GRM033Z71C104KE14D,https://datasheet.lcsc.com/datasheet/pdf/0fb4604782167a586c3dd1f22396ac96.pdf?productCode=C668346,,../datasheets/C668346/GRM033Z71C104KE14D.pdf,YES,YES,OK
C720477,TS-1088-AR02016,https://datasheet.lcsc.com/datasheet/pdf/0475ac02febf455ca9ddcfb380b0df0d.pdf?productCode=C720477,,../datasheets/C720477/TS-1088-AR02016.pdf,YES,YES,OK
C723375,PA2512FKF7T0R003E,https://datasheet.lcsc.com/datasheet/pdf/5b6b15592a49e0e574b8071c20ab494b.pdf?productCode=C723375,,../datasheets/C723375/PA2512FKF7T0R003E.pdf,YES,YES,OK
C726882,SMBJ58CA,https://datasheet.lcsc.com/datasheet/pdf/a5de6b41e5c0fc8fd537b2d1bace2e83.pdf?productCode=C726882,,../datasheets/C726882/SMBJ58CA.pdf,YES,YES,OK
C730413,CL03C101JB3NNNC,https://datasheet.lcsc.com/datasheet/pdf/02336ea48ea44ca18c72517dd3cb7b47.pdf?productCode=C730413,,../datasheets/C730413/CL03C101JB3NNNC.pdf,YES,YES,OK
C730422,CL03Y104KO3NNNC,https://atta.szlcsc.com/upload/public/pdf/source/20160218/1457707763339.pdf,,../datasheets/C730422/CL03Y104KO3NNNC.pdf,YES,YES,OK
C7433196,MA735GGU-Z,https://www.lcsc.com/datasheet/C7433196.pdf,,../datasheets/C7433196/MA735GGU-Z.pdf,YES,YES,OK
C76584,ACT45B-510-2P-TL003,https://datasheet.lcsc.com/datasheet/pdf/cb07ecc75a61cece76a46e3958ee43a7.pdf?productCode=C76584,,../datasheets/C76584/ACT45B-510-2P-TL003.pdf,YES,YES,OK
C76884,BLM15AG601SN1D,https://datasheet.lcsc.com/datasheet/pdf/f85b01b3a1a015a5ec4a9f03876e0063.pdf?productCode=C76884,,../datasheets/C76884/BLM15AG601SN1D.pdf,YES,YES,OK
C76941,GRM033R71A103KA01D,https://datasheet.lcsc.com/datasheet/pdf/58a7d404c3534585b4a0e91caba788f7.pdf?productCode=C76941,,../datasheets/C76941/GRM033R71A103KA01D.pdf,YES,YES,OK
C77020,GRM155R71H104KE14D,https://datasheet.lcsc.com/datasheet/pdf/64ac52ef9cc4e1905eba7e2ece85e662.pdf?productCode=C77020,,../datasheets/C77020/GRM155R71H104KE14D.pdf,YES,YES,OK
C77131,NCP15XH103F03RC,https://datasheet.lcsc.com/datasheet/pdf/c9e5c9a36e405340079034c7608ac4b6.pdf?productCode=C77131,,../datasheets/C77131/NCP15XH103F03RC.pdf,YES,YES,OK
C77623,RC0201FR-07100RL,https://datasheet.lcsc.com/datasheet/pdf/b426be3ce22c6de3e0c3a2248e49159e.pdf?productCode=C77623,,../datasheets/C77623/RC0201FR-07100RL.pdf,YES,YES,OK
C78879,LBAV99WT1G,https://datasheet.lcsc.com/datasheet/pdf/e0d821bbff5b81ab0a494cfb58dfac18.pdf?productCode=C78879,,../datasheets/C78879/LBAV99WT1G.pdf,YES,YES,OK
C82868,RC0402FR-0722KL,https://datasheet.lcsc.com/datasheet/pdf/b426be3ce22c6de3e0c3a2248e49159e.pdf?productCode=C82868,,../datasheets/C82868/RC0402FR-0722KL.pdf,YES,YES,OK
C851693,RC0201DR-0726K1L,https://datasheet.lcsc.com/datasheet/pdf/b426be3ce22c6de3e0c3a2248e49159e.pdf?productCode=C851693,,../datasheets/C851693/RC0201DR-0726K1L.pdf,YES,YES,OK
C894119,NV24C08MUW3VLTBG,https://datasheet.lcsc.com/datasheet/pdf/a68f5d32ca862db2f9685fb6653c0c50.pdf?productCode=C894119,,../datasheets/C894119/NV24C08MUW3VLTBG.pdf,YES,YES,OK
C93940,RC0402FR-076K8L,https://datasheet.lcsc.com/datasheet/pdf/b426be3ce22c6de3e0c3a2248e49159e.pdf?productCode=C93940,,../datasheets/C93940/RC0402FR-076K8L.pdf,YES,YES,OK
C93942,RC0402FR-0720KL,https://datasheet.lcsc.com/datasheet/pdf/b426be3ce22c6de3e0c3a2248e49159e.pdf?productCode=C93942,,../datasheets/C93942/RC0402FR-0720KL.pdf,YES,YES,OK
C965793,XL-1005UGC,https://datasheet.lcsc.com/datasheet/pdf/96b6fda6ff8a59c056f9124a5f0121bc.pdf?productCode=C965793,,../datasheets/C965793/XL-1005UGC.pdf,YES,YES,OK
C9900009343,iC-PVL,https://atta.szlcsc.com/upload/public/pdf/source/20260917/41A48149B31B33F1461152DD9086207D.pdf,,../datasheets/C9900009343/iC-PVL.pdf,YES,YES,OK
MANUAL-GD32F503REL7,GD32F503REL7,,Rev0.9RC6,../datasheets/MANUAL-GD32F503REL7/GD32F503xx_Datasheet_Rev0.9RC6.pdf,YES,YES,OK
