LCSC,MPN,Manufacturer,Description,Category,Symbol,Footprint,Value,Package,Datasheet,Model3D,Lifecycle,Source,SourceFootprint,LCSC_URL,Specifications,Notes,ReviewStatus,SourceBundles,LibraryCategory,SymbolLibrary,FootprintLibrary,ConversionStatus
C100001,RC0603FR-0730KL,YAGEO,100mW 30kΩ 75V Thick Film Resistor ±100ppm/℃ ±1% 0603 Chip Resistor - Surface Mount RoHS,Resistors/Chip Resistor - Surface Mount,RC0603FR-0730KL,R0603,30kΩ,0603,https://datasheet.lcsc.com/datasheet/pdf/b426be3ce22c6de3e0c3a2248e49159e.pdf?productCode=C100001,D:/办公相关/项目相关/三花/03-灵巧手项目/O-外置驱动器/Library/Private/LCSC_Classified/libraries/Resistors/Resistors.3dshapes/R0603.wrl,Active,LCSC,R0603,https://www.lcsc.com/product-detail/C100001.html,Package: 0603; Power(Watts): 100mW; Resistance: 30kΩ; Voltage Rating: 75V; Operating Temperature: -55℃~+155℃; Type: Thick Film Resistor; Temperature Coefficient: ±100ppm/℃; Tolerance: ±1%,Designators: R3,METADATA_READY,X200T_ECU_B1_V1.0_20240809,Resistors,Resistors.kicad_sym,Resistors.pretty,CONVERTED
C100044,RC0603FR-070RL,YAGEO,0Ω 100mW 75V Thick Film Resistor ±1% 0603 Chip Resistor - Surface Mount RoHS,Resistors/Chip Resistor - Surface Mount,RC0603FR-070RL,R0603,0Ω,0603,https://datasheet.lcsc.com/datasheet/pdf/b426be3ce22c6de3e0c3a2248e49159e.pdf?productCode=C100044,D:/办公相关/项目相关/三花/03-灵巧手项目/O-外置驱动器/Library/Private/LCSC_Classified/libraries/Resistors/Resistors.3dshapes/R0603.wrl,Active,LCSC,贴片电阻,https://www.lcsc.com/product-detail/C100044.html,Package: 0603; Resistance: 0Ω; Power(Watts): 100mW; Voltage Rating: 75V; Operating Temperature: -55℃~+155℃; Type: Thick Film Resistor; Temperature Coefficient: -; Tolerance: ±1%,"Sources: BOM_PASTER_8984112A_Y182.xls; Designators: BOM_PASTER_8984112A_Y182.xls: R52,R53,R54,R55,R56",METADATA_READY,legacy_import,Resistors,Resistors.kicad_sym,Resistors.pretty,CONVERTED
C105871,RC0402FR-074K7L,YAGEO,4.7kΩ ±1% 62.5mW 0402 Thick Film Resistor,Resistors/Chip Resistor - Surface Mount,RC0402FR-074K7L,R0402,4.7kΩ,0402,https://datasheet.lcsc.com/datasheet/pdf/b426be3ce22c6de3e0c3a2248e49159e.pdf?productCode=C105871,D:/办公相关/项目相关/三花/03-灵巧手项目/O-外置驱动器/Library/Private/LCSC_Classified/libraries/Resistors/Resistors.3dshapes/R0402_L1.0-W0.5-H0.4.wrl,Active,LCSC,RC0402FR-074K7L,https://www.lcsc.com/product-detail/C105871.html,Package: 0402; Power(Watts): 62.5mW; Resistance: 4.7kΩ; Voltage Rating: 50V; Operating Temperature: -55℃~+155℃; Type: Thick Film Resistor; Temperature Coefficient: ±100ppm/℃; Tolerance: ±1%,"Sources: BOM_PASTER_8984112A_Y182.xls; Designators: BOM_PASTER_8984112A_Y182.xls: R37,R41,R45",METADATA_READY,X200T_ECU_B1_V1.0_20240809; legacy_import,Resistors,Resistors.kicad_sym,Resistors.pretty,CONVERTED
C106199,CC0402JRNPO9BN100,YAGEO,10pF ±5% 50V Ceramic Capacitor NP0 0402,Capacitors/Ceramic Capacitors,CC0402JRNPO9BN100,C0402,10pF,0402,https://datasheet.lcsc.com/datasheet/pdf/4eca2bb4b507f1633db47e922d632b95.pdf?productCode=C106199,D:/办公相关/项目相关/三花/03-灵巧手项目/O-外置驱动器/Library/Private/LCSC_Classified/libraries/Capacitors/Capacitors.3dshapes/C0402_L1.0-W0.5-H0.5.wrl,Active,LCSC,C0402,https://www.lcsc.com/product-detail/C106199.html,Package: 0402; Capacitance: 10pF; Temperature Coefficient: NP0; Tolerance: ±5%; Voltage Rating: 50V,"Designators: C27, C28, C29, C33, C37, C65, C66, C67, C68, C69, C70, C71, C73, C74, C75, C76, C86",METADATA_READY,X200T_ECU_B1_V1.0_20240809,Capacitors,Capacitors.kicad_sym,Capacitors.pretty,CONVERTED
C106225,RC0201FR-0710KL,YAGEO,50mW 10kΩ 25V Thick Film Resistor ±1% ±200ppm/℃ 0201 Chip Resistor - Surface Mount RoHS,Resistors/Chip Resistor - Surface Mount,RC0201FR-0710KL,R0201,10kΩ,0201,https://datasheet.lcsc.com/datasheet/pdf/b426be3ce22c6de3e0c3a2248e49159e.pdf?productCode=C106225,D:/办公相关/项目相关/三花/03-灵巧手项目/O-外置驱动器/Library/Private/LCSC_Classified/libraries/Resistors/Resistors.3dshapes/R0201_L0.6-W0.3-H0.3.wrl,Active,LCSC,RC0201FR-0710KL,https://www.lcsc.com/product-detail/C106225.html,Package: 0201; Power(Watts): 50mW; Resistance: 10kΩ; Voltage Rating: 25V; Operating Temperature: -55℃~+125℃; Type: Thick Film Resistor; Tolerance: ±1%; Temperature Coefficient: ±200ppm/℃,"Sources: BOM_PASTER_8984112A_Y182.xls, BOM_PASTER_8984112A_Y185.xls; Designators: BOM_PASTER_8984112A_Y182.xls: R2,R32,R33,R39,R49,R50,R51; BOM_PASTER_8984112A_Y185.xls: R2,R3,R4,R7,R9,R11",METADATA_READY,legacy_import,Resistors,Resistors.kicad_sym,Resistors.pretty,CONVERTED
C106226,RC0201FR-0710RL,YAGEO,50mW 10Ω 25V Thick Film Resistor ±1% -100ppm/℃~+350ppm/℃ 0201 Chip Resistor - Surface Mount RoHS,Resistors/Chip Resistor - Surface Mount,RC0201FR-0710RL,R0201,10Ω,0201,https://datasheet.lcsc.com/datasheet/pdf/b426be3ce22c6de3e0c3a2248e49159e.pdf?productCode=C106226,D:/办公相关/项目相关/三花/03-灵巧手项目/O-外置驱动器/Library/Private/LCSC_Classified/libraries/Resistors/Resistors.3dshapes/R0201_L0.6-W0.3-H0.3.wrl,OutOfStock,LCSC,RC0201FR-0710RL,https://www.lcsc.com/product-detail/C106226.html,Package: 0201; Power(Watts): 50mW; Resistance: 10Ω; Voltage Rating: 25V; Operating Temperature: -55℃~+125℃; Type: Thick Film Resistor; Tolerance: ±1%; Temperature Coefficient: -100ppm/℃~+350ppm/℃,"Sources: BOM_PASTER_8984112A_Y182.xls, BOM_PASTER_8984112A_Y185.xls; Designators: BOM_PASTER_8984112A_Y182.xls: R21,R22; BOM_PASTER_8984112A_Y185.xls: R1,R10",METADATA_READY,legacy_import,Resistors,Resistors.kicad_sym,Resistors.pretty,CONVERTED
C106227,RC0201FR-070RL,YAGEO,50mW 0Ω 25V Thick Film Resistor ±1% 0201 Chip Resistor - Surface Mount RoHS,Resistors/Chip Resistor - Surface Mount,RC0201FR-070RL,R0201,0Ω,0201,https://datasheet.lcsc.com/datasheet/pdf/b426be3ce22c6de3e0c3a2248e49159e.pdf?productCode=C106227,D:/办公相关/项目相关/三花/03-灵巧手项目/O-外置驱动器/Library/Private/LCSC_Classified/libraries/Resistors/Resistors.3dshapes/R0201_L0.6-W0.3-H0.3.wrl,Active,LCSC,RC0201FR-070RL,https://www.lcsc.com/product-detail/C106227.html,Package: 0201; Power(Watts): 50mW; Resistance: 0Ω; Voltage Rating: 25V; Operating Temperature: -55℃~+125℃; Type: Thick Film Resistor; Tolerance: ±1%; Temperature Coefficient: -,"Sources: BOM_PASTER_8984112A_Y182.xls, BOM_PASTER_8984112A_Y185.xls; Designators: BOM_PASTER_8984112A_Y182.xls: R8; BOM_PASTER_8984112A_Y185.xls: R12",METADATA_READY,legacy_import,Resistors,Resistors.kicad_sym,Resistors.pretty,CONVERTED
C106231,RC0402FR-070RL,YAGEO,0Ω 62.5mW 50V Thick Film Resistor ±1% 0402 Chip Resistor - Surface Mount RoHS,Resistors/Chip Resistor - Surface Mount,RC0402FR-070RL,R0402,0Ω,0402,https://datasheet.lcsc.com/datasheet/pdf/b426be3ce22c6de3e0c3a2248e49159e.pdf?productCode=C106231,D:/办公相关/项目相关/三花/03-灵巧手项目/O-外置驱动器/Library/Private/LCSC_Classified/libraries/Resistors/Resistors.3dshapes/R0402_L1.0-W0.5-H0.4.wrl,Active,LCSC,贴片电阻,https://www.lcsc.com/product-detail/C106231.html,Package: 0402; Resistance: 0Ω; Power(Watts): 62.5mW; Voltage Rating: 50V; Operating Temperature: -55℃~+155℃; Type: Thick Film Resistor; Temperature Coefficient: -; Tolerance: ±1%,"Sources: BOM_PASTER_8984112A_Y182.xls; Designators: BOM_PASTER_8984112A_Y182.xls: R43,R57",METADATA_READY,X200T_ECU_B1_V1.0_20240809; legacy_import,Resistors,Resistors.kicad_sym,Resistors.pretty,CONVERTED
C106235,RC0402FR-071KL,YAGEO,1kΩ 62.5mW 50V Thick Film Resistor ±100ppm/℃ ±1% 0402 Chip Resistor - Surface Mount RoHS,Resistors/Chip Resistor - Surface Mount,RC0402FR-071KL,R0402,1kΩ,0402,https://datasheet.lcsc.com/datasheet/pdf/b426be3ce22c6de3e0c3a2248e49159e.pdf?productCode=C106235,D:/办公相关/项目相关/三花/03-灵巧手项目/O-外置驱动器/Library/Private/LCSC_Classified/libraries/Resistors/Resistors.3dshapes/R0402_L1.0-W0.5-H0.4.wrl,Active,LCSC,RC0402FR-071KL,https://www.lcsc.com/product-detail/C106235.html,Package: 0402; Resistance: 1kΩ; Power(Watts): 62.5mW; Voltage Rating: 50V; Operating Temperature: -55℃~+155℃; Type: Thick Film Resistor; Temperature Coefficient: ±100ppm/℃; Tolerance: ±1%,"Sources: BOM_PASTER_8984112A_Y182.xls; Designators: BOM_PASTER_8984112A_Y182.xls: R5,R6,R7",METADATA_READY,X200T_ECU_B1_V1.0_20240809; legacy_import,Resistors,Resistors.kicad_sym,Resistors.pretty,CONVERTED
C106858,CC0603KRX7R8BB105,YAGEO,1uF ±10% 25V Ceramic Capacitor X7R 0603,Capacitors/Ceramic Capacitors,CC0603KRX7R8BB105,C0603,1uF,0603,https://datasheet.lcsc.com/datasheet/pdf/23ccee80ee542e7cf156a772bb589942.pdf?productCode=C106858,D:/办公相关/项目相关/三花/03-灵巧手项目/O-外置驱动器/Library/Private/LCSC_Classified/libraries/Capacitors/Capacitors.3dshapes/C0603_L1.6-W0.8-H0.8.wrl,Active,LCSC,C0603,https://www.lcsc.com/product-detail/C106858.html,Package: 0603; Capacitance: 1uF; Temperature Coefficient: X7R; Tolerance: ±10%; Voltage Rating: 25V,"Designators: C31, C45, C49, C52",METADATA_READY,X200T_ECU_B1_V1.0_20240809,Capacitors,Capacitors.kicad_sym,Capacitors.pretty,CONVERTED
C106861,CC0402KRX7R9BB222,YAGEO,2.2nF ±10% 50V Ceramic Capacitor X7R 0402,Capacitors/Ceramic Capacitors,CC0402KRX7R9BB222,C0402,2.2nF,0402,https://datasheet.lcsc.com/datasheet/pdf/23ccee80ee542e7cf156a772bb589942.pdf?productCode=C106861,D:/办公相关/项目相关/三花/03-灵巧手项目/O-外置驱动器/Library/Private/LCSC_Classified/libraries/Capacitors/Capacitors.3dshapes/C0402_L1.0-W0.5-H0.5.wrl,Active,LCSC,C0402,https://www.lcsc.com/product-detail/C106861.html,Package: 0402; Capacitance: 2.2nF; Temperature Coefficient: X7R; Tolerance: ±10%; Voltage Rating: 50V,"Designators: C14, C15",METADATA_READY,X200T_ECU_B1_V1.0_20240809,Capacitors,Capacitors.kicad_sym,Capacitors.pretty,CONVERTED
C110696,PESDNC2XD5VB,Shanghai Prisemi Elec,9.5VC Clamp 5A Ipp ESD DIODE DFN0603-2L,Transistors/Thyristors/TVS Diodes,PESDNC2XD5VB,DFN0603-D_L0.6-W0.3-P0.34-BI,9990000056296,DFN0603-2L,https://datasheet.lcsc.com/datasheet/pdf/564b35af898142568b511bab046231ec.pdf?productCode=C110696,D:/办公相关/项目相关/三花/03-灵巧手项目/O-外置驱动器/Library/Private/LCSC_Classified/libraries/Transistors/Transistors.3dshapes/DFN0603-D_L0.6-W0.3--H0.3-P0.34-BI.wrl,Active,LCSC,贴片ESD管,https://www.lcsc.com/product-detail/C110696.html,Package: DFN0603-2L; Clamping Voltage: 9.5V; Peak Pulse Current (Ipp): 5A; Peak Pulse Power Dissipation (Ppp): 40W@8/20us; Number of Channels: 1; Voltage - Breakdown: 5.6V; type: ESD; Reverse Leakage Current (Ir): 1uA; Polarity: Bidirectional; Reverse Stand-Off Voltage (Vrwm): 5V,"Sources: BOM_PASTER_8984112A_Y182.xls; Designators: BOM_PASTER_8984112A_Y182.xls: D8,D9,D10,D11,D12,D13,D14,D15,D16,D17,D18,D19",METADATA_READY,legacy_import,Transistors,Transistors.kicad_sym,Transistors.pretty,CONVERTED
C113803,CC0603KRX7R0BB104,YAGEO,100nF ±10% 100V Ceramic Capacitor X7R 0603,Capacitors/Ceramic Capacitors,CC0603KRX7R0BB104,C0603,100nF,0603,https://datasheet.lcsc.com/datasheet/pdf/23ccee80ee542e7cf156a772bb589942.pdf?productCode=C113803,D:/办公相关/项目相关/三花/03-灵巧手项目/O-外置驱动器/Library/Private/LCSC_Classified/libraries/Capacitors/Capacitors.3dshapes/C0603_L1.6-W0.8-H0.8.wrl,Active,LCSC,C0603,https://www.lcsc.com/product-detail/C113803.html,Package: 0603; Capacitance: 100nF; Temperature Coefficient: X7R; Tolerance: ±10%; Voltage Rating: 100V,"Designators: C4, C13",METADATA_READY,X200T_ECU_B1_V1.0_20240809,Capacitors,Capacitors.kicad_sym,Capacitors.pretty,CONVERTED
C113804,CC0603KRX7R0BB222,YAGEO,2.2nF ±10% 100V Ceramic Capacitor X7R 0603,Capacitors/Ceramic Capacitors,CC0603KRX7R0BB222,C0603,2.2nF,0603,https://datasheet.lcsc.com/datasheet/pdf/23ccee80ee542e7cf156a772bb589942.pdf?productCode=C113804,D:/办公相关/项目相关/三花/03-灵巧手项目/O-外置驱动器/Library/Private/LCSC_Classified/libraries/Capacitors/Capacitors.3dshapes/C0603_L1.6-W0.8-H0.8.wrl,Active,LCSC,C0603,https://www.lcsc.com/product-detail/C113804.html,Package: 0603; Capacitance: 2.2nF; Temperature Coefficient: X7R; Tolerance: ±10%; Voltage Rating: 100V,"Designators: C1, C56, C57, C58, C62, C63, C64",METADATA_READY,X200T_ECU_B1_V1.0_20240809,Capacitors,Capacitors.kicad_sym,Capacitors.pretty,CONVERTED
C124020,"TJA1051TK/3,118",NXP,"4.5V~5.5V CAN FD Transceiver 5Mbps HVSON-8-EP(3x3) Drivers, Receivers, Transceivers RoHS","Interface/Drivers, Receivers, Transceivers","TJA1051TK_3,118",HVSON-8_L3.0-W3.0-P0.65-BL-EP,,HVSON-8-EP(3x3),https://www.nxp.com/docs/en/data-sheet/TJA1051.pdf,D:/办公相关/项目相关/三花/03-灵巧手项目/O-外置驱动器/Library/Private/LCSC_Classified/libraries/Interface/Interface.3dshapes/HVSON-8_L3.0-W3.0-H0.85-P0.65-BL-EP.wrl,Active,LCSC,HVSON-8_L3.0-W3.0-P0.65-BL-EP,https://www.lcsc.com/product-detail/C124020.html,Package: HVSON-8-EP(3x3); Voltage - Supply: 4.5V~5.5V; Type: CAN FD Transceiver; number of channels: 1; Data Rate: 5Mbps; Features: Silent mode;TXD dominant timeout;Undervoltage Protection;Thermal shutdown protection;ESD protection;Integrated level shifting; Supply Current: 70mA; Quiescent Supply Current: 2.5mA,Designators: U5,METADATA_READY,X200T_ECU_B1_V1.0_20240809,Interface,Interface.kicad_sym,Interface.pretty,CONVERTED
C1342773,STM32G473CEU6,ST,ARM Cortex-M4 32 Bit 170MHz UFQFPN-48(7x7) Microcontrollers RoHS,Embedded Processors & Controllers/Microcontrollers,STM32G473CEU6,UFQFPN-48_L7.0-W7.0-P0.50-BL-EP5.6,,UFQFPN-48(7x7),https://datasheet.lcsc.com/datasheet/pdf/1b9d950ec99bcb3d8467c4cf47b6d36d.pdf?productCode=C1342773,D:/办公相关/项目相关/三花/03-灵巧手项目/O-外置驱动器/Library/Private/LCSC_Classified/libraries/Embedded Processors & Controllers/Embedded Processors & Controllers.3dshapes/UFQFPN-48_L7.0-W7.0-H0.6-P0.50.wrl,Active,LCSC,UFQFPN-48_L7.0-W7.0-P0.50-BL-EP5.6,https://www.lcsc.com/product-detail/C1342773.html,Package: UFQFPN-48(7x7); DAC (Bit): 12bit; ADC (Bit): 12bit; Number of I/O: 42; Operating Temperature: -40℃~+85℃; Voltage - Supply: 1.71V~3.6V; Program Memory Type: FLASH; EEPROM: -; Program Storage Size: 512KB; CPU Core: ARM Cortex-M4; Core Size: 32 Bit; CPU Maximum Speed: 170MHz; Oscillator Type: Built-in,Designators: U4,METADATA_READY,X200T_ECU_B1_V1.0_20240809,Embedded Processors & Controllers,Embedded Processors & Controllers.kicad_sym,Embedded Processors & Controllers.pretty,CONVERTED
C138031,RC0402FR-0720RL,YAGEO,20Ω 62.5mW 50V Thick Film Resistor ±100ppm/℃ ±1% 0402 Chip Resistor - Surface Mount RoHS,Resistors/Chip Resistor - Surface Mount,RC0402FR-0720RL,R0402,20Ω,0402,https://datasheet.lcsc.com/datasheet/pdf/b426be3ce22c6de3e0c3a2248e49159e.pdf?productCode=C138031,D:/办公相关/项目相关/三花/03-灵巧手项目/O-外置驱动器/Library/Private/LCSC_Classified/libraries/Resistors/Resistors.3dshapes/R0402_L1.0-W0.5-H0.4.wrl,Active,LCSC,R0402,https://www.lcsc.com/product-detail/C138031.html,Package: 0402; Resistance: 20Ω; Power(Watts): 62.5mW; Voltage Rating: 50V; Operating Temperature: -55℃~+155℃; Type: Thick Film Resistor; Temperature Coefficient: ±100ppm/℃; Tolerance: ±1%,"Designators: R8, R9, R10, R19, R20, R21, R22, R23, R24, R26, R35, R36, R37, R47, R48, R49, R83, R86, R87, R88, R89, R90, R94, R95, R98, R100, R101",METADATA_READY,X200T_ECU_B1_V1.0_20240809,Resistors,Resistors.kicad_sym,Resistors.pretty,CONVERTED
C138135,RC0201FR-074K7L,YAGEO,50mW 4.7kΩ 25V Thick Film Resistor ±1% ±200ppm/℃ 0201 Chip Resistor - Surface Mount RoHS,Resistors/Chip Resistor - Surface Mount,RC0201FR-074K7L,R0201,4.7kΩ,0201,https://datasheet.lcsc.com/datasheet/pdf/b426be3ce22c6de3e0c3a2248e49159e.pdf?productCode=C138135,D:/办公相关/项目相关/三花/03-灵巧手项目/O-外置驱动器/Library/Private/LCSC_Classified/libraries/Resistors/Resistors.3dshapes/R0201_L0.6-W0.3-H0.3.wrl,Active,LCSC,RC0201FR-074K7L,https://www.lcsc.com/product-detail/C138135.html,Package: 0201; Power(Watts): 50mW; Resistance: 4.7kΩ; Voltage Rating: 25V; Operating Temperature: -55℃~+125℃; Type: Thick Film Resistor; Tolerance: ±1%; Temperature Coefficient: ±200ppm/℃,"Sources: BOM_PASTER_8984112A_Y182.xls, BOM_PASTER_8984112A_Y185.xls; Designators: BOM_PASTER_8984112A_Y182.xls: R20,R48; BOM_PASTER_8984112A_Y185.xls: R21",METADATA_READY,legacy_import,Resistors,Resistors.kicad_sym,Resistors.pretty,CONVERTED
C138139,RC0201FR-0747KL,YAGEO,50mW 47kΩ 25V Thick Film Resistor ±1% ±200ppm/℃ 0201 Chip Resistor - Surface Mount RoHS,Resistors/Chip Resistor - Surface Mount,RC0201FR-0747KL,R0201,47kΩ,0201,https://datasheet.lcsc.com/datasheet/pdf/b426be3ce22c6de3e0c3a2248e49159e.pdf?productCode=C138139,D:/办公相关/项目相关/三花/03-灵巧手项目/O-外置驱动器/Library/Private/LCSC_Classified/libraries/Resistors/Resistors.3dshapes/R0201_L0.6-W0.3-H0.3.wrl,OutOfStock,LCSC,RC0201FR-0747KL,https://www.lcsc.com/product-detail/C138139.html,Package: 0201; Power(Watts): 50mW; Resistance: 47kΩ; Voltage Rating: 25V; Operating Temperature: -55℃~+125℃; Type: Thick Film Resistor; Tolerance: ±1%; Temperature Coefficient: ±200ppm/℃,"Sources: BOM_PASTER_8984112A_Y182.xls, BOM_PASTER_8984112A_Y185.xls; Designators: BOM_PASTER_8984112A_Y182.xls: R15,R18; BOM_PASTER_8984112A_Y185.xls: R8",METADATA_READY,legacy_import,Resistors,Resistors.kicad_sym,Resistors.pretty,CONVERTED
C138165,RC0201FR-071KL,YAGEO,50mW 1kΩ 25V Thick Film Resistor ±1% ±200ppm/℃ 0201 Chip Resistor - Surface Mount RoHS,Resistors/Chip Resistor - Surface Mount,RC0201FR-071KL,R0201,1kΩ,0201,https://datasheet.lcsc.com/datasheet/pdf/b426be3ce22c6de3e0c3a2248e49159e.pdf?productCode=C138165,D:/办公相关/项目相关/三花/03-灵巧手项目/O-外置驱动器/Library/Private/LCSC_Classified/libraries/Resistors/Resistors.3dshapes/R0201_L0.6-W0.3-H0.3.wrl,Active,LCSC,RC0201FR-071KL,https://www.lcsc.com/product-detail/C138165.html,Package: 0201; Power(Watts): 50mW; Resistance: 1kΩ; Voltage Rating: 25V; Operating Temperature: -55℃~+125℃; Type: Thick Film Resistor; Tolerance: ±1%; Temperature Coefficient: ±200ppm/℃,"Sources: BOM_PASTER_8984112A_Y182.xls, BOM_PASTER_8984112A_Y185.xls, BOM_PASTER_8984112A_Y189.xls; Designators: BOM_PASTER_8984112A_Y182.xls: R35,R36; BOM_PASTER_8984112A_Y185.xls: R23; BOM_PASTER_8984112A_Y189.xls: R1",METADATA_READY,legacy_import,Resistors,Resistors.kicad_sym,Resistors.pretty,CONVERTED
C144651,AC0603FR-074R7L,YAGEO,4.7Ω 100mW 75V Thick Film Resistor ±1% ±200ppm/℃ 0603 Chip Resistor - Surface Mount RoHS,Resistors/Chip Resistor - Surface Mount,AC0603FR-074R7L,R0603,4.7Ω,0603,https://datasheet.lcsc.com/datasheet/pdf/3511efb0564cb1711d9237ab09d6e97b.pdf?productCode=C144651,D:/办公相关/项目相关/三花/03-灵巧手项目/O-外置驱动器/Library/Private/LCSC_Classified/libraries/Resistors/Resistors.3dshapes/R0603.wrl,Active,LCSC,R0603,https://www.lcsc.com/product-detail/C144651.html,Package: 0603; Resistance: 4.7Ω; Power(Watts): 100mW; Voltage Rating: 75V; Operating Temperature: -55℃~+155℃; Type: Thick Film Resistor; Tolerance: ±1%; Temperature Coefficient: ±200ppm/℃,"Designators: R32, R33, R34, R44, R45, R46",METADATA_READY,X200T_ECU_B1_V1.0_20240809,Resistors,Resistors.kicad_sym,Resistors.pretty,CONVERTED
C14675,RC0603FR-07100KL,YAGEO,100mW 100kΩ 75V Thick Film Resistor ±100ppm/℃ ±1% 0603 Chip Resistor - Surface Mount RoHS,Resistors/Chip Resistor - Surface Mount,RC0603FR-07100KL,R0603,100kΩ,0603,https://datasheet.lcsc.com/datasheet/pdf/b426be3ce22c6de3e0c3a2248e49159e.pdf?productCode=C14675,D:/办公相关/项目相关/三花/03-灵巧手项目/O-外置驱动器/Library/Private/LCSC_Classified/libraries/Resistors/Resistors.3dshapes/R0603.wrl,Active,LCSC,R0603,https://www.lcsc.com/product-detail/C14675.html,Package: 0603; Power(Watts): 100mW; Resistance: 100kΩ; Voltage Rating: 75V; Operating Temperature: -55℃~+155℃; Type: Thick Film Resistor; Temperature Coefficient: ±100ppm/℃; Tolerance: ±1%,Designators: R68,METADATA_READY,X200T_ECU_B1_V1.0_20240809,Resistors,Resistors.kicad_sym,Resistors.pretty,CONVERTED
C15725,CL10B104KC8NNNC,Samsung Electro-Mechanics,100nF ±10% 100V Ceramic Capacitor X7R 0603,Capacitors/Ceramic Capacitors,CL10B104KC8NNNC,C0603,100nF,0603,https://datasheet.lcsc.com/datasheet/pdf/02336ea48ea44ca18c72517dd3cb7b47.pdf?productCode=C15725,D:/办公相关/项目相关/三花/03-灵巧手项目/O-外置驱动器/Library/Private/LCSC_Classified/libraries/Capacitors/Capacitors.3dshapes/C0603_L1.6-W0.8-H0.8.wrl,Active,LCSC,0603-100nF-100V-10%,https://www.lcsc.com/product-detail/C15725.html,Package: 0603; Capacitance: 100nF; Temperature Coefficient: X7R; Tolerance: ±10%; Voltage Rating: 100V,"Sources: BOM_PASTER_8984112A_Y182.xls; Designators: BOM_PASTER_8984112A_Y182.xls: C7,C15,C23",METADATA_READY,legacy_import,Capacitors,Capacitors.kicad_sym,Capacitors.pretty,CONVERTED
C15771,"PESD1CAN,215",Nexperia,70VC Clamp 3A@8/20us Ipp ESD DIODE SOT-23,Transistors/Thyristors/TVS Diodes,"PESD1CAN,215",SOT-23_L2.9-W1.3-P1.90-LS2.4-BR,9980000554037,SOT-23,https://datasheet.lcsc.com/datasheet/pdf/f7e17f2784b44a479860aa1ec967b207.pdf?productCode=C15771,D:/办公相关/项目相关/三花/03-灵巧手项目/O-外置驱动器/Library/Private/LCSC_Classified/libraries/Transistors/Transistors.3dshapes/SOT-23-3P_L2.9-W1.3-H1.0-LS2.4-P0.95.wrl,Active,LCSC,贴片ESD管,https://www.lcsc.com/product-detail/C15771.html,Package: SOT-23; Clamping Voltage: 70V; Operating Temperature: -65℃~+150℃; Peak Pulse Current (Ipp): 3A@8/20us; Peak Pulse Power Dissipation (Ppp): 200W@8/20us; Number of Channels: 2; Voltage - Breakdown: 27.8V; type: ESD; Reverse Leakage Current (Ir): 1nA; Polarity: Bidirectional; Reverse Stand-Off Voltage (Vrwm): 24V,"Sources: BOM_PASTER_8984112A_Y182.xls; Designators: BOM_PASTER_8984112A_Y182.xls: D6,D7",METADATA_READY,X200T_ECU_B1_V1.0_20240809; legacy_import,Transistors,Transistors.kicad_sym,Transistors.pretty,CONVERTED
C160407,SM08B-SRSS-TB(LF)(SN),JST,"Connector Header 8 position 1mm Pitch 1A Surface Mount, Right Angle -25℃~+85℃","Connectors/Headers, Male Pins",SM08B-SRSS-TB,CONN-TH_SM08B-SRSS-TB-LF-SN,9990000051498,"SMD,P=1mm,Surface Mount,Right Angle",https://datasheet.lcsc.com/datasheet/pdf/e03a82bcc66e3c3589917313e54d45e2.pdf?productCode=C160407,D:/办公相关/项目相关/三花/03-灵巧手项目/O-外置驱动器/Library/Private/LCSC_Classified/libraries/Connectors/Connectors.3dshapes/CONN-SMD_SR1.00-WS-8P.wrl,Active,LCSC,接插件,https://www.lcsc.com/product-detail/C160407.html,"Package: SMD,P=1mm,Surface Mount,Right Angle; Connector Type: Surface Mount, Right Angle; Reference Series: SH; Voltage Rating (Max): 50V; Contact Material: Copper alloy; Number of PINs Per Row: 8; Number of Rows: 1; Pitch: 1mm; Flame Retardant Rating: UL94V-0; Current Rating: 1A; Supplementary Features: Auxiliary Solder Pin; Number of PINs: 8P; Operating Temperature: -25℃~+85℃; Contact Plating: Tin; Plastic Material: PA; Color: White; X-Length of Bottom Edge on Board (Spacing Line): 10mm; Row Spacing: -; Pin Structure: 1x8P",Sources: BOM_PASTER_8984112A_Y182.xls; Designators: BOM_PASTER_8984112A_Y182.xls: J10,METADATA_READY,legacy_import,Connectors,Connectors.kicad_sym,Connectors.pretty,CONVERTED
C161690,BM02B-GHS-TBT(LF)(SN),JST,"Connector Header 2 position 1.25mm Pitch 1A Surface Mount,Vertical -25℃~+85℃","Connectors/Headers, Male Pins",BM02B-GHS-TBT,CONN-SMD_2P-P1.25_BM02B-GHS-TBT-LF-SN,58,"SMD,P=1.25mm",https://datasheet.lcsc.com/datasheet/pdf/6c69dfd9744c15167b2bdb9469440f45.pdf?productCode=C161690,D:/办公相关/项目相关/三花/03-灵巧手项目/O-外置驱动器/Library/Private/LCSC_Classified/libraries/Connectors/Connectors.3dshapes/CONN-SMD_GH1.25-LS-2P.wrl,OutOfStock,LCSC,接插件,https://www.lcsc.com/product-detail/C161690.html,"Package: SMD,P=1.25mm; Connector Type: Surface Mount,Vertical; Reference Series: GH; Voltage Rating (Max): 50V; Contact Material: Phosphor bronze; Number of PINs Per Row: 2; Number of Rows: 1; Pitch: 1.25mm; Current Rating: 1A; Flame Retardant Rating: UL94V-0; Supplementary Features: Auxiliary Solder Pin; Operating Temperature: -25℃~+85℃; Contact Plating: Tin; Number of PINs: 2P; Plastic Material: PA9T; Color: White; X-Length of Bottom Edge on Board (Spacing Line): 5.75mm; Row Spacing: -; Pin Structure: 1x2P","Sources: BOM_PASTER_8984112A_Y182.xls; Designators: BOM_PASTER_8984112A_Y182.xls: J4,J5,J6,J7",METADATA_READY,legacy_import,Connectors,Connectors.kicad_sym,Connectors.pretty,CONVERTED
C163437,RC0402JR-0762RL,YAGEO,62Ω 62.5mW 50V Thick Film Resistor ±100ppm/℃ ±5% 0402 Chip Resistor - Surface Mount RoHS,Resistors/Chip Resistor - Surface Mount,RC0402JR-0762RL,R0402,62Ω,0402,https://datasheet.lcsc.com/datasheet/pdf/b426be3ce22c6de3e0c3a2248e49159e.pdf?productCode=C163437,D:/办公相关/项目相关/三花/03-灵巧手项目/O-外置驱动器/Library/Private/LCSC_Classified/libraries/Resistors/Resistors.3dshapes/R0402_L1.0-W0.5-H0.4.wrl,Active,LCSC,R0402,https://www.lcsc.com/product-detail/C163437.html,Package: 0402; Resistance: 62Ω; Power(Watts): 62.5mW; Voltage Rating: 50V; Operating Temperature: -55℃~+155℃; Type: Thick Film Resistor; Temperature Coefficient: ±100ppm/℃; Tolerance: ±5%,"Designators: R13, R14, R96, R97",METADATA_READY,X200T_ECU_B1_V1.0_20240809,Resistors,Resistors.kicad_sym,Resistors.pretty,CONVERTED
C167883,FNR4030S220MT,cjiang,"1.2A 22uH ±20% 1.4A 292mΩ Magnetic Shielded Inductor SMD,4x4mm Fixed Inductors RoHS","Inductors, Coils, Chokes/Fixed Inductors",FNR4030S220MT,IND-SMD_L4.0-W4.0_FNR40XXS,22uH,"SMD,4x4mm",https://datasheet.lcsc.com/datasheet/pdf/a0b12ba9dfe6b9e66b6bb852b7c71c03.pdf?productCode=C167883,"D:/办公相关/项目相关/三花/03-灵巧手项目/O-外置驱动器/Library/Private/LCSC_Classified/libraries/Inductors, Coils, Chokes/Inductors, Coils, Chokes.3dshapes/IND-SMD_L4.0-W4.0-H2.6_FNR40XXS.wrl",Active,LCSC,IND-SMD_L4.0-W4.0_FNR40XXS,https://www.lcsc.com/product-detail/C167883.html,"Package: SMD,4x4mm; Current Rating: 1.2A; Inductance: 22uH; Tolerance: ±20%; Current - Saturation(Isat): 1.4A; DC Resistance(DCR): 292mΩ; Type: Magnetic Shielded Inductor",Designators: L2,METADATA_READY,X200T_ECU_B1_V1.0_20240809,"Inductors, Coils, Chokes","Inductors, Coils, Chokes.kicad_sym","Inductors, Coils, Chokes.pretty",CONVERTED
C1705,CL10A475KP8NNNC,Samsung Electro-Mechanics,4.7uF ±10% 10V Ceramic Capacitor X5R 0603,Capacitors/Ceramic Capacitors,CL10A475KP8NNNC,C0603,4.7uF,0603,https://datasheet.lcsc.com/datasheet/pdf/02336ea48ea44ca18c72517dd3cb7b47.pdf?productCode=C1705,D:/办公相关/项目相关/三花/03-灵巧手项目/O-外置驱动器/Library/Private/LCSC_Classified/libraries/Capacitors/Capacitors.3dshapes/C0603_L1.6-W0.8-H0.8.wrl,Active,LCSC,0603-4.7uF-10V-10%,https://www.lcsc.com/product-detail/C1705.html,Package: 0603; Capacitance: 4.7uF; Temperature Coefficient: X5R; Tolerance: ±10%; Voltage Rating: 10V,Sources: BOM_PASTER_8984112A_Y182.xls; Designators: BOM_PASTER_8984112A_Y182.xls: C51,METADATA_READY,legacy_import,Capacitors,Capacitors.kicad_sym,Capacitors.pretty,CONVERTED
C17701055,AGM12N10AP,AGMSEMI,N-Channel 100V 55A 83W Surface Mount PDFN3.3x3.3,"Transistors/Thyristors/Single FETs, MOSFETs",AGM12N10AP,PDFN-8_L3.3-W3.3-P0.65-BL,9980000531173,PDFN3.3x3.3-8,https://datasheet.lcsc.com/datasheet/pdf/21584e9e0b8dd5776e6179ebabad0736.pdf?productCode=C17701055,D:/办公相关/项目相关/三花/03-灵巧手项目/O-外置驱动器/Library/Private/LCSC_Classified/libraries/Transistors/Transistors.3dshapes/PDFN-8_L3.3-W3.3-H0.8-P0.65.wrl,Active,LCSC,NMOS管,https://www.lcsc.com/product-detail/C17701055.html,Package: PDFN3.3x3.3-8; Operating Temperature: -55℃~+150℃; Drain to Source Voltage: 100V; Output Capacitance(Coss): 460pF; Current - Continuous Drain(Id): 55A; Gate Threshold Voltage (Vgs(th)): 1.8V; Pd - Power Dissipation: 83W; Reverse Transfer Capacitance (Crss@Vds): 9pF; RDS(on): 9.3mΩ@10V; Number: 1 N-channel; Input Capacitance(Ciss): 1.08nF; Gate Charge(Qg): 22nC@10V; Type: N-Channel,Sources: BOM_PASTER_8984112A_Y182.xls; Designators: BOM_PASTER_8984112A_Y182.xls: MOS1,METADATA_READY,legacy_import,Transistors,Transistors.kicad_sym,Transistors.pretty,CONVERTED
C1851993,CSTNE8M00G52A000R0,muRata,8MHz 10pF 40Ω SMD3213-3P Resonators RoHS,"Crystals, Oscillators, Resonators/Resonators",CSTNE8M00G52A000R0,CRYSTAL-SMD_3P-L3.2-W1.3-P1.2-BL-1,9990000052803,SMD3213-3P,https://datasheet.lcsc.com/datasheet/pdf/6229da9b14529ef4c771661e98fded14.pdf?productCode=C1851993,"D:/办公相关/项目相关/三花/03-灵巧手项目/O-外置驱动器/Library/Private/LCSC_Classified/libraries/Crystals, Oscillators, Resonators/Crystals, Oscillators, Resonators.3dshapes/CRYSTAL-SMD_3P-L3.2-W1.3-P1.2-BL.wrl",Active,LCSC,贴片晶振,https://www.lcsc.com/product-detail/C1851993.html,Package: SMD3213-3P; Frequency: 8MHz; Operating Temperature: -40℃~+125℃; Built - in Load Capacitance: 10pF; Resonant Impedance: 40Ω,Sources: BOM_PASTER_8984112A_Y182.xls; Designators: BOM_PASTER_8984112A_Y182.xls: Y1,METADATA_READY,legacy_import,"Crystals, Oscillators, Resonators","Crystals, Oscillators, Resonators.kicad_sym","Crystals, Oscillators, Resonators.pretty",CONVERTED
C189891,BM05B-GHS-TBT(LF)(SN)(N),JST,"Connector Header 5 position 1.25mm Pitch 1A Surface Mount,Vertical -25℃~+85℃","Connectors/Headers, Male Pins",BM05B-GHS-TBT,CONN-SMD_BM05B-GHS-TBT,,"SMD,P=1.25mm",https://datasheet.lcsc.com/datasheet/pdf/145d85af57fc54ac5a4f36dce2b36dd3.pdf?productCode=C189891,D:/办公相关/项目相关/三花/03-灵巧手项目/O-外置驱动器/Library/Private/LCSC_Classified/libraries/Connectors/Connectors.3dshapes/CONN-SMD_BM05B-GHS-TBT.wrl,Active,LCSC,CONN-SMD_BM05B-GHS-TBT,https://www.lcsc.com/product-detail/C189891.html,"Package: SMD,P=1.25mm; Connector Type: Surface Mount,Vertical; Reference Series: GH; Voltage Rating (Max): 50V; Contact Material: Phosphor bronze; Number of PINs Per Row: 5; Number of Rows: 1; Pitch: 1.25mm; Flame Retardant Rating: UL94V-0; Current Rating: 1A; Supplementary Features: Auxiliary Solder Pin; Number of PINs: 5P; Contact Plating: Tin; Operating Temperature: -25℃~+85℃; Plastic Material: PA9T; Color: White; X-Length of Bottom Edge on Board (Spacing Line): 9.5mm; Row Spacing: -; Pin Structure: 1x5P",Designators: CN5,METADATA_READY,X200T_ECU_B1_V1.0_20240809,Connectors,Connectors.kicad_sym,Connectors.pretty,CONVERTED
C19077266,IC-TW39,iC-Haus,iC-Haus IC-TW39 encoder interface,"Magnetic Sensors/Angle, Linear Position Measuring",,,,IC-TW39,,,Unknown,LCSC,Unknown,https://www.szlcsc.com/,,Legacy LCSC code not found in domestic LCSC or JLCEDA; confirm current replacement and package; Designators: Y43-U2; Z300BL-U2,CLASSIFIED_PARTIAL,Y43; Z300BL,Magnetic Sensors,,,PENDING_CONVERSION
C19077592,SMBJ58CA,R+O,93.6VC Clamp 6.41A@10/1000us Ipp TVS DIODE DO-214AA(SMB),Transistors/Thyristors/TVS Diodes,SMBJ58CA_C19077592,SMB_L4.6-W3.6-LS5.4-BI,9990000053188,DO-214AA(SMB),https://datasheet.lcsc.com/datasheet/pdf/29e006ceaae5808e6d17d021de7bda89.pdf?productCode=C19077592,D:/办公相关/项目相关/三花/03-灵巧手项目/O-外置驱动器/Library/Private/LCSC_Classified/libraries/Transistors/Transistors.3dshapes/SMB_L4.6-W3.6-LS5.4-BI.wrl,Active,LCSC,贴片TVS管,https://www.lcsc.com/product-detail/C19077592.html,Package: DO-214AA(SMB); Clamping Voltage: 93.6V; Operating Temperature: -55℃~+150℃; Peak Pulse Current (Ipp): 6.41A@10/1000us; Peak Pulse Power Dissipation (Ppp): 600W@10/1000us; Number of Channels: 1; Voltage - Breakdown: 71.2V; type: TVS; Reverse Leakage Current (Ir): 5uA; Polarity: Bidirectional; Reverse Stand-Off Voltage (Vrwm): 58V,Sources: BOM_PASTER_8984112A_Y182.xls; Designators: BOM_PASTER_8984112A_Y182.xls: D4,METADATA_READY,legacy_import,Transistors,Transistors.kicad_sym,Transistors.pretty,CONVERTED
C20198121,TPT481L1-DF6R,3PEAK,"DFN-8L(3x3) Drivers, Receivers, Transceivers RoHS","Interface/Drivers, Receivers, Transceivers",TPT481L1-DF6R,ExternalDriver_RS485,暂无料号10,DFN-8L(3x3),,,Active,LCSC,RS485收发器,https://www.lcsc.com/product-detail/C20198121.html,Package: DFN-8L(3x3),"Sources: BOM_PASTER_8984112A_Y182.xls, BOM_PASTER_8984112A_Y185.xls; Designators: BOM_PASTER_8984112A_Y182.xls: U5; BOM_PASTER_8984112A_Y185.xls: U1",METADATA_READY,legacy_import,Interface,,,PENDING_CONVERSION
C22355736,XL-1005UBC,XINGLIGHT,Blue 465nm LED Indication - Discrete 3.3V 0402,Optoelectronics/LED Indication - Discrete,XL-1005UBC_C22355736,LED0402-RD,XL-1005UBC,0402,https://datasheet.lcsc.com/datasheet/pdf/7c777665dc6740ac42e09f3da6cdf7af.pdf?productCode=C22355736,D:/办公相关/项目相关/三花/03-灵巧手项目/O-外置驱动器/Library/Private/LCSC_Classified/libraries/Optoelectronics/Optoelectronics.3dshapes/LED0402_L1.0-W0.5-H0.2.wrl,Active,LCSC,0402,https://www.lcsc.com/product-detail/C22355736.html,Package: 0402; Installation method: Top-mount; Color Temperature: -; Peak Wavelength: 465nm; Lens Color: Water Clear; Viewing Angle: 120°; Luminous Intensity: 240mcd; Illumination Color: Blue; Forward Current: 20mA; Lamp Holder Type: 1mm x 0.5mm square LED; Operating Temperature: -40℃~+85℃; Voltage - Forward(Vf): 3.3V; Diode Configuration: Discrete Diode; Wavelength: 455nm~475nm,Sources: BOM_PASTER_8984112A_Y182.xls; Designators: BOM_PASTER_8984112A_Y182.xls: LED4,METADATA_READY,legacy_import,Optoelectronics,Optoelectronics.kicad_sym,Optoelectronics.pretty,CONVERTED
C23829972,GRM188D72A105KE01D,muRata,1uF ±10% 100V Ceramic Capacitor X7T 0603,Capacitors/Ceramic Capacitors,GRM188D72A105KE01D,C0603,1uF,0603,https://datasheet.lcsc.com/datasheet/pdf/342cc637d93cd94474def6cbba680777.pdf?productCode=C23829972,D:/办公相关/项目相关/三花/03-灵巧手项目/O-外置驱动器/Library/Private/LCSC_Classified/libraries/Capacitors/Capacitors.3dshapes/C0603_L1.6-W0.8-H0.8.wrl,Active,LCSC,0603-1uF-100V-10%,https://www.lcsc.com/product-detail/C23829972.html,Package: 0603; Capacitance: 1uF; Temperature Coefficient: X7T; Tolerance: ±10%; Voltage Rating: 100V,"Sources: BOM_PASTER_8984112A_Y185.xls; Designators: BOM_PASTER_8984112A_Y185.xls: C15,C16",METADATA_READY,legacy_import,Capacitors,Capacitors.kicad_sym,Capacitors.pretty,CONVERTED
C25503856,XL-1005UYC,XINGLIGHT,Yellow 590nm LED Indication - Discrete 2.4V 0402,Optoelectronics/LED Indication - Discrete,XL-1005UYC_C25503856,LED0402-FD_YELLOW,91,0402,https://datasheet.lcsc.com/datasheet/pdf/cca508f795cf6b2e43a998379b7431c6.pdf?productCode=C25503856,D:/办公相关/项目相关/三花/03-灵巧手项目/O-外置驱动器/Library/Private/LCSC_Classified/libraries/Optoelectronics/Optoelectronics.3dshapes/LED0402-FD_YELLOW.wrl,Active,LCSC,LED,https://www.lcsc.com/product-detail/C25503856.html,Package: 0402; Installation method: -; Color Temperature: -; Peak Wavelength: 590nm; Lens Color: Water Clear; Viewing Angle: 120°; Luminous Intensity: 210mcd; Forward Current: 20mA; Illumination Color: Yellow; Lamp Holder Type: 1mm x 0.5mm square LED; Voltage - Forward(Vf): 2.4V; Operating Temperature: -40℃~+85℃; Diode Configuration: Discrete Diode; Wavelength: 585nm~595nm,Sources: BOM_PASTER_8984112A_Y182.xls; Designators: BOM_PASTER_8984112A_Y182.xls: LED2,METADATA_READY,legacy_import,Optoelectronics,Optoelectronics.kicad_sym,Optoelectronics.pretty,CONVERTED
C25744,0402WGF1002TCE,UNI-ROYAL,10kΩ ±1% 62.5mW Thick Film Resistor,Resistors/Chip Resistor - Surface Mount,0402WGF1002TCE,R0402,10kΩ,0402,https://atta.szlcsc.com/upload/public/pdf/source/20200306/C422600_1E6D84923E4A46A82E41ADD87F860B5C.pdf,D:/办公相关/项目相关/三花/03-灵巧手项目/O-外置驱动器/Library/Private/LCSC_Classified/libraries/Resistors/Resistors.3dshapes/R0402_L1.0-W0.5-H0.4.wrl,Active,LCSC,0402-10K-1%,https://item.szlcsc.com/26487.html,Package: 0402; Resistance: 10kΩ; Tolerance: ±1%; Power: 62.5mW,"Designators: Y43-R3,R4,R5,R6,R7; Z300BL-R3,R4,R5,R6,R7",METADATA_READY,Y43,Resistors,Resistors.kicad_sym,Resistors.pretty,CONVERTED
C273722,RC0402FR-07768KL,YAGEO,768kΩ 62.5mW 50V Thick Film Resistor ±100ppm/℃ ±1% 0402 Chip Resistor - Surface Mount RoHS,Resistors/Chip Resistor - Surface Mount,RC0402FR-07768KL,R0402,768kΩ,0402,https://datasheet.lcsc.com/datasheet/pdf/b426be3ce22c6de3e0c3a2248e49159e.pdf?productCode=C273722,D:/办公相关/项目相关/三花/03-灵巧手项目/O-外置驱动器/Library/Private/LCSC_Classified/libraries/Resistors/Resistors.3dshapes/R0402_L1.0-W0.5-H0.4.wrl,Active,LCSC,R0402,https://www.lcsc.com/product-detail/C273722.html,Package: 0402; Resistance: 768kΩ; Power(Watts): 62.5mW; Voltage Rating: 50V; Operating Temperature: -55℃~+155℃; Type: Thick Film Resistor; Temperature Coefficient: ±100ppm/℃; Tolerance: ±1%,Designators: R2,METADATA_READY,X200T_ECU_B1_V1.0_20240809,Resistors,Resistors.kicad_sym,Resistors.pretty,CONVERTED
C274877,RC0201FR-076K8L,YAGEO,50mW 6.8kΩ 25V Thick Film Resistor ±1% ±200ppm/℃ 0201 Chip Resistor - Surface Mount RoHS,Resistors/Chip Resistor - Surface Mount,RC0201FR-076K8L,R0201,6.8kΩ,0201,https://datasheet.lcsc.com/datasheet/pdf/b426be3ce22c6de3e0c3a2248e49159e.pdf?productCode=C274877,D:/办公相关/项目相关/三花/03-灵巧手项目/O-外置驱动器/Library/Private/LCSC_Classified/libraries/Resistors/Resistors.3dshapes/R0201_L0.6-W0.3-H0.3.wrl,Active,LCSC,RC0201FR-076K8L,https://www.lcsc.com/product-detail/C274877.html,Package: 0201; Power(Watts): 50mW; Resistance: 6.8kΩ; Voltage Rating: 25V; Operating Temperature: -55℃~+125℃; Type: Thick Film Resistor; Tolerance: ±1%; Temperature Coefficient: ±200ppm/℃,"Sources: BOM_PASTER_8984112A_Y182.xls, BOM_PASTER_8984112A_Y185.xls; Designators: BOM_PASTER_8984112A_Y182.xls: R13,R47; BOM_PASTER_8984112A_Y185.xls: R17",METADATA_READY,legacy_import,Resistors,Resistors.kicad_sym,Resistors.pretty,CONVERTED
C2803380,CL05Y105KP6VPNC,Samsung Electro-Mechanics,1uF ±10% 10V Ceramic Capacitor X7S 0402,Capacitors/Ceramic Capacitors,CL05Y105KP6VPNC,C0402,1uF,0402,https://datasheet.lcsc.com/datasheet/pdf/0b5a285c1df7dac78985feb71e334603.pdf?productCode=C2803380,D:/办公相关/项目相关/三花/03-灵巧手项目/O-外置驱动器/Library/Private/LCSC_Classified/libraries/Capacitors/Capacitors.3dshapes/C0402_L1.0-W0.5-H0.5.wrl,Active,LCSC,0402-1uF-10V-10%,https://www.lcsc.com/product-detail/C2803380.html,Package: 0402; Capacitance: 1uF; Temperature Coefficient: X7S; Tolerance: ±10%; Voltage Rating: 10V,"Sources: BOM_PASTER_8984112A_Y182.xls, BOM_PASTER_8984112A_Y185.xls, BOM_PASTER_8984112A_Y189.xls; Designators: BOM_PASTER_8984112A_Y182.xls: C2,C25,C28,C53; BOM_PASTER_8984112A_Y185.xls: C8,C11,C13,C17,C25,C26; BOM_PASTER_8984112A_Y189.xls: C2",METADATA_READY,legacy_import,Capacitors,Capacitors.kicad_sym,Capacitors.pretty,CONVERTED
C2937625,PZ254V-11-03P,XFCN,Pin Header 3 Position 2.54mm Pitch Single Row Through Hole -40℃~+105℃,"Connectors/Headers, Male Pins",PZ254V-11-03P_C2937625,HDR-TH_3P-P2.54-V-M_PZ254V-11-03P,10,"Through Hole,P=2.54mm",https://datasheet.lcsc.com/datasheet/pdf/3b85a1cdf6ed945f2e278f00c1e42442.pdf?productCode=C2937625,D:/办公相关/项目相关/三花/03-灵巧手项目/O-外置驱动器/Library/Private/LCSC_Classified/libraries/Connectors/Connectors.3dshapes/HDR-TH_3P-P2.54-V-M_PZ254V-11-03P.wrl,Active,LCSC,烧录口,https://www.lcsc.com/product-detail/C2937625.html,"Package: Through Hole,P=2.54mm; Connector Type: Through Hole; Voltage Rating (Max): 250V; Contact Material: Brass; Number of Rows: 1; Pitch: 2.54mm; Circluar Pins/Square Pins: Square pin; Current Rating: 3A; Supplementary Features: -; Insulation Height: 2.5mm; Length of Mating Pin: 6.1mm; Contact Plating: Gold; Number of PINs: 3P; Operating Temperature: -40℃~+105℃; Length of End Connection Pin: 3mm; Color: Black; Row Spacing: -; Pin Structure: 1x3P",Sources: BOM_PASTER_8984112A_Y182.xls; Designators: BOM_PASTER_8984112A_Y182.xls: J3,METADATA_READY,legacy_import,Connectors,Connectors.kicad_sym,Connectors.pretty,CONVERTED
C3003063,AZ1117CH2-5.0TRG1,DIODES,Linear Voltage Regulator IC Positive Fixed 1 Output 1.35A SOT-223,"Power Management (PMIC)/Voltage Regulators - Linear, Low Drop Out (LDO) Regulators",AZ1117CH2-5.0TRG1,SOT-223_L6.5-W3.5-P2.30-LS7.0-BR,,SOT-223,https://datasheet.lcsc.com/datasheet/pdf/73ec83269ecc00393489beefcda77d62.pdf?productCode=C3003063,D:/办公相关/项目相关/三花/03-灵巧手项目/O-外置驱动器/Library/Private/LCSC_Classified/libraries/Power Management (PMIC)/Power Management (PMIC).3dshapes/SOT-223-4P_L6.5-W3.5-H1.6-LS7.0-P2.30.wrl,Active,LCSC,SOT-223_L6.5-W3.5-P2.30-LS7.0-BR,https://www.lcsc.com/product-detail/C3003063.html,Package: SOT-223; Output Voltage: 5V; Number of Outputs: 1; Operating Temperature: -20℃~+125℃@(Tj); Supply Current (Iq): 6mA; Output Configuration: Positive; Operating Voltage: 15V; Output Current: 1.35A; Features: Over Current Protection;Thermal shutdown; Output Type: Fixed,Designators: U3,METADATA_READY,X200T_ECU_B1_V1.0_20240809,Power Management (PMIC),Power Management (PMIC).kicad_sym,Power Management (PMIC).pretty,CONVERTED
C30111221,TCAN3413DDFR,TI,"CAN FD Transceiver 3V~3.6V 8Mbps TSOT-23-8 Drivers, Receivers, Transceivers RoHS","Interface/Drivers, Receivers, Transceivers",TCAN3413DDFR_C30111221,SOT-23-8_L2.9-W1.6-P0.65-LS2.8-BR,9990000051466,TSOT-23-8,https://www.ti.com.cn/cn/lit/ds/symlink/tcan3413.pdf?ts=1729475226790,D:/办公相关/项目相关/三花/03-灵巧手项目/O-外置驱动器/Library/Private/LCSC_Classified/libraries/Interface/Interface.3dshapes/SOT-23-8_L2.9-W1.6-H1.5-LS2.8-P0.65.wrl,OutOfStock,LCSC,CAN收发器,https://www.lcsc.com/product-detail/C30111221.html,Package: TSOT-23-8; Type: CAN FD Transceiver; Voltage - Supply: 3V~3.6V; number of channels: 1; Data Rate: 8Mbps; Operating Temperature: -40℃~+125℃; Features: Low-power mode;Wake-up function;Bus fault protection;ESD protection;Undervoltage Protection;TXD dominant timeout;Thermal shutdown protection;Hot-swap protection;Integrated level shifting; Supply Current: 55mA; Quiescent Supply Current: 4uA,Sources: BOM_PASTER_8984112A_Y182.xls; Designators: BOM_PASTER_8984112A_Y182.xls: U4,METADATA_READY,legacy_import,Interface,Interface.kicad_sym,Interface.pretty,CONVERTED
C3039698,CL10B106MQ8NRNC,Samsung Electro-Mechanics,10uF ±20% 6.3V Ceramic Capacitor X7R 0603,Capacitors/Ceramic Capacitors,CL10B106MQ8NRNC,C0603,10uF,0603,https://datasheet.lcsc.com/datasheet/pdf/25aeaed41ae8f3c7d2a7fa32796a6299.pdf?productCode=C3039698,D:/办公相关/项目相关/三花/03-灵巧手项目/O-外置驱动器/Library/Private/LCSC_Classified/libraries/Capacitors/Capacitors.3dshapes/C0603_L1.6-W0.8-H0.8.wrl,Active,LCSC,0603-10uF-6.3V-20%,https://www.lcsc.com/product-detail/C3039698.html,Package: 0603; Capacitance: 10uF; Temperature Coefficient: X7R; Tolerance: ±20%; Voltage Rating: 6.3V,Sources: BOM_PASTER_8984112A_Y182.xls; Designators: BOM_PASTER_8984112A_Y182.xls: C20,METADATA_READY,legacy_import,Capacitors,Capacitors.kicad_sym,Capacitors.pretty,CONVERTED
C307331,CL05B104KB54PNC,SAMSUNG,100nF ±10% 50V Ceramic Capacitor X7R,Capacitors/Ceramic Capacitors,CL05B104KB54PNC,C0402,100nF,0402,https://atta.szlcsc.com/upload/public/pdf/source/20160218/1457707763339.pdf,D:/办公相关/项目相关/三花/03-灵巧手项目/O-外置驱动器/Library/Private/LCSC_Classified/libraries/Capacitors/Capacitors.3dshapes/C0402_L1.0-W0.5-H0.5.wrl,Active,LCSC,0402-100nF-50V-10%,https://item.szlcsc.com/291005.html,Package: 0402; Capacitance: 100nF; Tolerance: ±10%; Voltage Rating: 50V; Temperature Coefficient: X7R,"Designators: Y43-C1,C3,C6,C9,C10,C12,C14,C15,C18",METADATA_READY,Y43,Capacitors,Capacitors.kicad_sym,Capacitors.pretty,CONVERTED
C329936,CGA4J1X7S1C106KT000N,TDK,10uF ±10% 16V Ceramic Capacitor X7S 0805,Capacitors/Ceramic Capacitors,CGA4J1X7S1C106KT000N,C0805,10uF,0805,https://datasheet.lcsc.com/datasheet/pdf/fb3179df2df2fa358ee13dff52d60ee7.pdf?productCode=C329936,D:/办公相关/项目相关/三花/03-灵巧手项目/O-外置驱动器/Library/Private/LCSC_Classified/libraries/Capacitors/Capacitors.3dshapes/C0805_L2.0-W1.3-H1.3.wrl,Active,LCSC,C0805,https://www.lcsc.com/product-detail/C329936.html,Package: 0805; Capacitance: 10uF; Temperature Coefficient: X7S; Tolerance: ±10%; Voltage Rating: 16V,"Designators: C9, C11, C16, C21, C22, C79, C80",METADATA_READY,X200T_ECU_B1_V1.0_20240809,Capacitors,Capacitors.kicad_sym,Capacitors.pretty,CONVERTED
C3655801,DRV8300DRGER,TI,Low Side High Side Gate Driver IC MOSFET VQFN-24(4x4),Motor Driver ICs/Gate Drivers,DRV8300DRGER_C3655801,VQFN-24_L4.0-W4.0-P0.50-TL-EP2.5,,VQFN-24(4x4),https://datasheet.lcsc.com/datasheet/pdf/a4860e66f7c6c43aa2338ffa7b436a63.pdf?productCode=C3655801,D:/办公相关/项目相关/三花/03-灵巧手项目/O-外置驱动器/Library/Private/LCSC_Classified/libraries/Motor Driver ICs/Motor Driver ICs.3dshapes/VQFN-24_L4.0-W4.0-P0.50-TL-EP2.5.wrl,Active,LCSC,VQFN-24_L4.0-W4.0-P0.50-TL-EP2.5,https://www.lcsc.com/product-detail/C3655801.html,Package: VQFN-24(4x4),Designators: U11,METADATA_READY,X200T_ECU_B1_V1.0_20240809,Motor Driver ICs,Motor Driver ICs.kicad_sym,Motor Driver ICs.pretty,CONVERTED
C3743587,TLV74033PDBVR,TI,Linear Voltage Regulator IC Positive Fixed 1 Output 300mA SOT-23-5,"Power Management (PMIC)/Voltage Regulators - Linear, Low Drop Out (LDO) Regulators",TLV74033PDBVR_C3743587,SOT-23-5_L2.9-W1.6-P0.95-LS2.8-BR,,SOT-23-5,https://datasheet.lcsc.com/datasheet/pdf/74cc79715a6266a346ca70f60eeb6334.pdf?productCode=C3743587,D:/办公相关/项目相关/三花/03-灵巧手项目/O-外置驱动器/Library/Private/LCSC_Classified/libraries/Power Management (PMIC)/Power Management (PMIC).3dshapes/SOT-23-5_L2.9-W1.6-P0.95-LS2.8-BR.wrl,Active,LCSC,SOT-23-5_L2.9-W1.6-P0.95-LS2.8-BR,https://www.lcsc.com/product-detail/C3743587.html,Package: SOT-23-5; Output Voltage: 3.3V; Number of Outputs: 1; Operating Temperature: -40℃~+85℃@(Tj); Supply Current (Iq): 50uA; Output Configuration: Positive; Operating Voltage: 5.5V; Output Current: 300mA; Features: Enable control;Over Current Protection;Output discharge;Input under-voltage protection;Thermal shutdown;Short Circuit Protection; Output Type: Fixed,Designators: U2,METADATA_READY,X200T_ECU_B1_V1.0_20240809,Power Management (PMIC),Power Management (PMIC).kicad_sym,Power Management (PMIC).pretty,CONVERTED
C382253,FM18X222K101PSG,PSA,2.2nF ±10% 100V Ceramic Capacitor X7R 0603,Capacitors/Ceramic Capacitors,FM18X222K101PSG,C0603,2.2nF,0603,https://datasheet.lcsc.com/datasheet/pdf/8aced6bf19551db75d1c722c291966af.pdf?productCode=C382253,D:/办公相关/项目相关/三花/03-灵巧手项目/O-外置驱动器/Library/Private/LCSC_Classified/libraries/Capacitors/Capacitors.3dshapes/C0603_L1.6-W0.8-H0.8.wrl,OutOfStock,LCSC,0603-2.2nF-100V-10%,https://www.lcsc.com/product-detail/C382253.html,Package: 0603; Capacitance: 2.2nF; Temperature Coefficient: X7R; Tolerance: ±10%; Voltage Rating: 100V,"Sources: BOM_PASTER_8984112A_Y182.xls; Designators: BOM_PASTER_8984112A_Y182.xls: C61,C62,C63",METADATA_READY,legacy_import,Capacitors,Capacitors.kicad_sym,Capacitors.pretty,CONVERTED
C408972,TLV74333PDBVR,TI,"3.3V Positive Fixed SOT-23-5 Voltage Regulators - Linear, Low Drop Out (LDO) Regulators RoHS","Power Management (PMIC)/Voltage Regulators - Linear, Low Drop Out (LDO) Regulators",TLV74333PDBVR,SOT-23-5_L3.0-W1.7-P0.95-LS2.8-BR,9990000051470,SOT-23-5,https://datasheet.lcsc.com/datasheet/pdf/50b52a610636e868c962d6e98c6380b1.pdf?productCode=C408972,D:/办公相关/项目相关/三花/03-灵巧手项目/O-外置驱动器/Library/Private/LCSC_Classified/libraries/Power Management (PMIC)/Power Management (PMIC).3dshapes/SOT-23-5_L2.9-W1.6-H1.1-LS2.8-P0.95.wrl,Active,LCSC,LDO,https://www.lcsc.com/product-detail/C408972.html,Package: SOT-23-5; Output Voltage: 3.3V; Number of Outputs: 1; Operating Temperature: -40℃~+125℃@(Tj); Supply Current (Iq): 34uA; Output Configuration: Positive; Operating Voltage: 5.5V; Output Current: 300mA; Features: Enable control;Input under-voltage protection;Output discharge;Over Current Protection;Short Circuit Protection;Thermal shutdown; Output Type: Fixed,Sources: BOM_PASTER_8984112A_Y182.xls; Designators: BOM_PASTER_8984112A_Y182.xls: U3,METADATA_READY,legacy_import,Power Management (PMIC),Power Management (PMIC).kicad_sym,Power Management (PMIC).pretty,CONVERTED
C428721,XT30UPB-M,Changzhou Amass Elec,Power Connectors,Industrial control electrical/Power Connectors,XT30UPB-M,CONN-TH_XT30UPB-M,9990000051495,-,https://datasheet.lcsc.com/datasheet/pdf/ba32a477f0fac99ad6765808470a63b9.pdf?productCode=C428721,D:/办公相关/项目相关/三花/03-灵巧手项目/O-外置驱动器/Library/Private/LCSC_Classified/libraries/Industrial control electrical/Industrial control electrical.3dshapes/CONN-TH_XT30UPB-M.wrl,Active,LCSC,插头,https://www.lcsc.com/product-detail/C428721.html,Package: -; metal material: Gold plating; insulating material: PA; colour: Yellow; contact resistance: 0.65mΩ; Connector type: Model aircraft plug; Rated current: 15A; interface form: Male; Rated voltage: 500VDC,"Sources: BOM_PASTER_8984112A_Y182.xls; Designators: BOM_PASTER_8984112A_Y182.xls: J1,J2",METADATA_READY,X200T_ECU_B1_V1.0_20240809; legacy_import,Industrial control electrical,Industrial control electrical.kicad_sym,Industrial control electrical.pretty,CONVERTED
C44209887,AP7375-33FDCW-7,DIODES,"3.3V Positive Fixed U-DFN2020-6 Voltage Regulators - Linear, Low Drop Out (LDO) Regulators","Power Management (PMIC)/Voltage Regulators - Linear, Low Drop Out (LDO) Regulators",AP7375-33FDCW-7,U-DFN2020-6_L2.0-W2.0-P0.65-BL-EP-1,9990000056331,U-DFN2020-6,https://datasheet.lcsc.com/datasheet/pdf/50aee3d4c5b227be75fbc9098ae4266b.pdf?productCode=C44209887,D:/办公相关/项目相关/三花/03-灵巧手项目/O-外置驱动器/Library/Private/LCSC_Classified/libraries/Power Management (PMIC)/Power Management (PMIC).3dshapes/U-DFN2020-6_L2.0-W2.0-P0.65-BL-EP-1.wrl,Active,LCSC,LDO,https://www.lcsc.com/product-detail/C44209887.html,Package: U-DFN2020-6; Output Voltage: 3.3V; Number of Outputs: 1; Operating Temperature: -40℃~+125℃; Supply Current (Iq): 2.1uA; Output Configuration: Positive; Output Current: 300mA; Operating Voltage: 45V; Features: Enable control;Short Circuit Protection;Thermal shutdown; Output Type: Fixed,Sources: BOM_PASTER_8984112A_Y185.xls; Designators: BOM_PASTER_8984112A_Y185.xls: U4,METADATA_READY,legacy_import,Power Management (PMIC),Power Management (PMIC).kicad_sym,Power Management (PMIC).pretty,CONVERTED
C47023655,DRV8376HNLGR,TI,"4.5V~65V VQFN-28-EP(5x6) Motor Drivers, Controllers","Motor Driver ICs/Motor Drivers, Controllers",DRV8376HNLGR,VQFN-28_L6.0-W5.0-P0.50-TL-EP4.0,9980000556404,VQFN-28-EP(5x6),https://www.ti.com.cn/cn/lit/ds/symlink/drv8376.pdf,D:/办公相关/项目相关/三花/03-灵巧手项目/O-外置驱动器/Library/Private/LCSC_Classified/libraries/Motor Driver ICs/Motor Driver ICs.3dshapes/VQFN-28_L6.0-W5.0-P0.50-TL-EP4.0.wrl,Active,LCSC,电机驱动芯片,https://www.lcsc.com/product-detail/C47023655.html,Package: VQFN-28-EP(5x6); Drive Type: Three Phase; Features: Interleaved conduction protection;Soft switching; Voltage - Supply: 4.5V~65V; Technology: Yes; Interface: PWM; Operating Temperature: -40℃~+125℃; Supply Current (Iq): 6.6mA; Peak Current: 4.5A; Number of Half Bridges: 3; RDS(on): 400mΩ,"Sources: BOM_PASTER_8984112A_Y182.xls, BOM_PASTER_8984112A_Y185.xls; Designators: BOM_PASTER_8984112A_Y182.xls: U1; BOM_PASTER_8984112A_Y185.xls: U3",METADATA_READY,legacy_import,Motor Driver ICs,Motor Driver ICs.kicad_sym,Motor Driver ICs.pretty,CONVERTED
C474825,RC0201FR-0776K8L,YAGEO,50mW 76.8kΩ 25V Thick Film Resistor ±1% ±200ppm/℃ 0201 Chip Resistor - Surface Mount RoHS,Resistors/Chip Resistor - Surface Mount,RC0201FR-0776K8L,R_0201_0603Metric,76.8kΩ,0201,https://datasheet.lcsc.com/datasheet/pdf/b426be3ce22c6de3e0c3a2248e49159e.pdf?productCode=C474825,${KICAD10_3DMODEL_DIR}/Resistor_SMD.3dshapes/R_0201_0603Metric.step,OutOfStock,LCSC,RC0201FR-0776K8L,https://www.lcsc.com/product-detail/C474825.html,Package: 0201; Power(Watts): 50mW; Resistance: 76.8kΩ; Voltage Rating: 25V; Operating Temperature: -55℃~+125℃; Type: Thick Film Resistor; Tolerance: ±1%; Temperature Coefficient: ±200ppm/℃,Sources: BOM_PASTER_8984112A_Y182.xls; Designators: BOM_PASTER_8984112A_Y182.xls: R17,METADATA_READY,legacy_import,Resistors,Resistors.kicad_sym,Resistors.pretty,CONVERTED
C477928,LM5164DDAR,TI,1MHz Step-down type Adjustable 1A SO-8-EP Voltage Regulators - DC DC Switching Regulators RoHS,Power Management (PMIC)/Voltage Regulators - DC DC Switching Regulators,LM5164DDAR,SO-8_L4.9-W3.9-P1.27-LS6.0-BL-EP,,SO-8-EP,https://datasheet.lcsc.com/datasheet/pdf/0adc8e389ed3e6197be57b9940aa6370.pdf?productCode=C477928,D:/办公相关/项目相关/三花/03-灵巧手项目/O-外置驱动器/Library/Private/LCSC_Classified/libraries/Power Management (PMIC)/Power Management (PMIC).3dshapes/SO-8_L4.9-W3.9-H1.5-LS5.9-P1.27.wrl,Active,LCSC,SO-8_L4.9-W3.9-P1.27-LS6.0-BL-EP,https://www.lcsc.com/product-detail/C477928.html,Package: SO-8-EP; Operating Temperature: -40℃~+150℃@(TJ); Frequency - Switching: 1MHz; Function: Step-down type; Number of Outputs: 1; Features: Cycle-by-cycle current limiting;Light load efficient mode;Built-in LDO regulator;Operating status indication;Overcurrent Protection; Output Type: Adjustable; Topology: Buck; Operating Voltage: 6V~100V; Switch tube (built-in/external): Built-in; Output Voltage: -; Output Current: 1A; Quiescent Current: 10.5uA,Designators: U1,METADATA_READY,X200T_ECU_B1_V1.0_20240809,Power Management (PMIC),Power Management (PMIC).kicad_sym,Power Management (PMIC).pretty,CONVERTED
C492420,PZ254V-12-6P,XFCN,Pin Header 6 Position 2.54mm Pitch Dual Row Through Hole -40℃~+105℃,"Connectors/Headers, Male Pins",PZ254V-12-6P,HDR-TH_6P-P2.54-V-M-R2-C3-S2.54,12,"Through Hole,P=2.54mm",https://datasheet.lcsc.com/datasheet/pdf/50ec9710cee52ae98bff43fbb8887c5b.pdf?productCode=C492420,D:/办公相关/项目相关/三花/03-灵巧手项目/O-外置驱动器/Library/Private/LCSC_Classified/libraries/Connectors/Connectors.3dshapes/HDR-TH_6P-P2.54-V-M-R2-C3-S2.54.wrl,Active,LCSC,6PIN烧录孔,https://www.lcsc.com/product-detail/C492420.html,"Package: Through Hole,P=2.54mm; Connector Type: Through Hole; Voltage Rating (Max): -; Contact Material: Brass; Number of Rows: 2; Pitch: 2.54mm; Circluar Pins/Square Pins: Square pin; Current Rating: 3A; Insulation Height: 2.5mm; Length of Mating Pin: 6mm; Number of PINs: 6P; Operating Temperature: -40℃~+105℃; Length of End Connection Pin: 3mm; Contact Plating: Gold; Color: Black; Pin Structure: 2x3P; Row Spacing: 2.54mm",Sources: BOM_PASTER_8984112A_Y182.xls; Designators: BOM_PASTER_8984112A_Y182.xls: J8,METADATA_READY,legacy_import,Connectors,Connectors.kicad_sym,Connectors.pretty,CONVERTED
C49257133,MT6701QT-ACD,NOVOSENSE,"QFN-16(3x3) Angle, Linear Position Measuring","Magnetic Sensors/Angle, Linear Position Measuring",MT6701QT-ACD_C49257133,VQFN-16_L3.0-W3.0-P0.50-TL-EP1.7,暂无料号25,QFN-16(3x3),https://datasheet.lcsc.com/datasheet/pdf/935357a86952b28e12ac9bd3d186d5d1.pdf?productCode=C49257133,D:/办公相关/项目相关/三花/03-灵巧手项目/O-外置驱动器/Library/Private/LCSC_Classified/libraries/Magnetic Sensors/Magnetic Sensors.3dshapes/VQFN-16_L3.0-W3.0-H1.0-P0.50.wrl,Active,LCSC,QFN-16/3~5V,https://www.lcsc.com/product-detail/C49257133.html,Package: QFN-16(3x3); Operating Temperature: -40℃~+125℃; Number of Conjugate Points of UVW: 16; Supply Current: 10mA; Features: Incremental encoder output;Programmable hysteresis;Magnetic field too high/low warning; Voltage - Supply: 3.3V~5V; Out Type: SSI;ABZ;PWM; Number of ABZ Pulses: 1024; Rotate Speed: 55000rpm; Minimum Field: 20mT,Sources: BOM_PASTER_8984112A_Y189.xls; Designators: BOM_PASTER_8984112A_Y189.xls: U1,METADATA_READY,legacy_import,Magnetic Sensors,Magnetic Sensors.kicad_sym,Magnetic Sensors.pretty,CONVERTED
C5138889,GPCA101-0502A001C1AA,GREENCONN,Pin Header 5 Position 1mm Pitch Single Row Through Hole -40℃~+105℃,"Connectors/Headers, Male Pins",GPCA101-0502A001C1AA,CONN-TH_GREENCONN_GPCA101-0502A001C1AA,GPCA101-0502A,"Through Hole,P=1mm",https://datasheet.lcsc.com/datasheet/pdf/9791ba8c859df0647813150b8f9162a2.pdf?productCode=C5138889,D:/办公相关/项目相关/三花/03-灵巧手项目/O-外置驱动器/Library/Private/LCSC_Classified/libraries/Connectors/Connectors.3dshapes/CONN-TH_GREENCONN_GPCA101-0502A001C1AA.wrl,Active,LCSC,插件,https://www.lcsc.com/product-detail/C5138889.html,"Package: Through Hole,P=1mm; Connector Type: Through Hole; Pitch: 1mm; Circluar Pins/Square Pins: Square pin; Current Rating: 1A; Insulation Height: 1mm; Length of Mating Pin: 3.55mm; Contact Plating: Gold; Length of End Connection Pin: 1.8mm; Contact Material: Phosphor bronze; Number of PINs: 5P; Operating Temperature: -40℃~+105℃; Pin Structure: 1x5P; Number of Rows: 1",Sources: BOM_PASTER_8984112A_Y182.xls; Designators: BOM_PASTER_8984112A_Y182.xls: J11,METADATA_READY,legacy_import,Connectors,Connectors.kicad_sym,Connectors.pretty,CONVERTED
C5156756,FS32X106K101EGG,PSA,10uF ±10% 100V Ceramic Capacitor X7R 1210,Capacitors/Ceramic Capacitors,FS32X106K101EGG,C1210,10uF,1210,https://datasheet.lcsc.com/datasheet/pdf/18a0c9f8bf4d73d021cc722eccd020e0.pdf?productCode=C5156756,D:/办公相关/项目相关/三花/03-灵巧手项目/O-外置驱动器/Library/Private/LCSC_Classified/libraries/Capacitors/Capacitors.3dshapes/C1210_L3.2-W2.5-H2.5.wrl,Active,LCSC,1210-10uF-100V-10%,https://www.lcsc.com/product-detail/C5156756.html,Package: 1210; Capacitance: 10uF; Temperature Coefficient: X7R; Tolerance: ±10%; Voltage Rating: 100V,"Sources: BOM_PASTER_8984112A_Y182.xls; Designators: BOM_PASTER_8984112A_Y182.xls: C8,C16,C17,C22",METADATA_READY,legacy_import,Capacitors,Capacitors.kicad_sym,Capacitors.pretty,CONVERTED
C52148452,SMF58CA,YTL,95V 2.1A@10/1000us 200W@10/1000us 70.8V Bidirectional 58V SOD-123 TVS Diodes,Transistors/Thyristors/TVS Diodes,SMF58CA_C52148452,SOD-123_L2.8-W1.8-LS3.7-BI,9990000052691,SOD-123,https://datasheet.lcsc.com/datasheet/pdf/90fba666de3fbaa9b789dc2bc0adbecf.pdf?productCode=C52148452,D:/办公相关/项目相关/三花/03-灵巧手项目/O-外置驱动器/Library/Private/LCSC_Classified/libraries/Transistors/Transistors.3dshapes/SOD-123_L2.8-W1.8-LS3.7-BI.wrl,Active,LCSC,贴片TVS管,https://www.lcsc.com/product-detail/C52148452.html,Package: SOD-123; Clamping Voltage: 95V; Operating Temperature: -55℃~+150℃; Peak Pulse Current (Ipp): 2.1A@10/1000us; Peak Pulse Power Dissipation (Ppp): 200W@10/1000us; Number of Channels: 1; Voltage - Breakdown: 70.8V; type: ESD; Reverse Leakage Current (Ir): 100nA; Polarity: Bidirectional; Reverse Stand-Off Voltage (Vrwm): 58V,Sources: BOM_PASTER_8984112A_Y185.xls; Designators: BOM_PASTER_8984112A_Y185.xls: D2,METADATA_READY,legacy_import,Transistors,Transistors.kicad_sym,Transistors.pretty,CONVERTED
C5224095,BZT52C13Q-7-F,DIODES,Zener Diode 13V 370mW Surface Mount SOD-123,Diodes/Single Zener Diodes,BZT52C13Q-7-F,D_SOD-123,9990000053395,SOD-123,https://datasheet.lcsc.com/datasheet/pdf/2ab659bd861bd3db83ae423c098a297a.pdf?productCode=C5224095,${KICAD10_3DMODEL_DIR}/Diode_SMD.3dshapes/D_SOD-123.step,Active,LCSC,稳压二极管,https://www.lcsc.com/product-detail/C5224095.html,Package: SOD-123; Diode Configuration: 1 Independent; Tolerance: -; Operating Junction Temperature Range: -65℃~+150℃; Pd - Power Dissipation: 370mW; Reverse Leakage Current (Ir): 100nA@1V; Impedance(Zzt): 30Ω; Zener Voltage(Range): 12.4V~14.1V; Zener Voltage(Nom): 13V; Impedance(Zzk): 170Ω,Sources: BOM_PASTER_8984112A_Y182.xls; Designators: BOM_PASTER_8984112A_Y182.xls: D5,METADATA_READY,legacy_import,Diodes,Diodes.kicad_sym,Diodes.pretty,CONVERTED
C524586,FXL0530-R10-M,cjiang,"25A 100nH ±20% 3mΩ 33A Molded inductor SMD,5.4x5.2mm Fixed Inductors RoHS","Inductors, Coils, Chokes/Fixed Inductors",FXL0530-R10-M,IND-SMD_L5.2-W5.4,100nH,"SMD,5.4x5.2mm",https://datasheet.lcsc.com/datasheet/pdf/7ccab6d15d9e909aa3f3d55ed931dfcf.pdf?productCode=C524586,"D:/办公相关/项目相关/三花/03-灵巧手项目/O-外置驱动器/Library/Private/LCSC_Classified/libraries/Inductors, Coils, Chokes/Inductors, Coils, Chokes.3dshapes/IND-SMD_L5.2-W5.4.wrl",Active,LCSC,IND-SMD_L5.4-W5.2,https://www.lcsc.com/product-detail/C524586.html,"Package: SMD,5.4x5.2mm; Current Rating: 25A; Inductance: 100nH; Tolerance: ±20%; DC Resistance(DCR): 3mΩ; Current - Saturation(Isat): 33A; Type: Molded inductor",Designators: L1,METADATA_READY,X200T_ECU_B1_V1.0_20240809,"Inductors, Coils, Chokes","Inductors, Coils, Chokes.kicad_sym","Inductors, Coils, Chokes.pretty",CONVERTED
C525226,FN15X104K500PKG,PSA,100nF ±10% 50V Ceramic Capacitor X7R 0402,Capacitors/Ceramic Capacitors,FN15X104K500PKG,C0402,100nF,0402,https://datasheet.lcsc.com/datasheet/pdf/3d771c0c586676719f80e96a0f8d9dcd.pdf?productCode=C525226,D:/办公相关/项目相关/三花/03-灵巧手项目/O-外置驱动器/Library/Private/LCSC_Classified/libraries/Capacitors/Capacitors.3dshapes/C0402_L1.0-W0.5-H0.5.wrl,Active,LCSC,0402-100nF-50V-10%,https://www.lcsc.com/product-detail/C525226.html,Package: 0402; Capacitance: 100nF; Temperature Coefficient: X7R; Tolerance: ±10%; Voltage Rating: 50V,"Sources: BOM_PASTER_8984112A_Y182.xls, BOM_PASTER_8984112A_Y185.xls; Designators: BOM_PASTER_8984112A_Y182.xls: C19; BOM_PASTER_8984112A_Y185.xls: C5",METADATA_READY,legacy_import,Capacitors,Capacitors.kicad_sym,Capacitors.pretty,CONVERTED
C527014,CC0402KRX7R0BB103,YAGEO,10nF ±10% 100V Ceramic Capacitor X7R 0402,Capacitors/Ceramic Capacitors,CC0402KRX7R0BB103,C0402,10nF,0402,https://datasheet.lcsc.com/datasheet/pdf/23ccee80ee542e7cf156a772bb589942.pdf?productCode=C527014,D:/办公相关/项目相关/三花/03-灵巧手项目/O-外置驱动器/Library/Private/LCSC_Classified/libraries/Capacitors/Capacitors.3dshapes/C0402_L1.0-W0.5-H0.5.wrl,Active,LCSC,CC0402KRX7R0BB103,https://www.lcsc.com/product-detail/C527014.html,Package: 0402; Capacitance: 10nF; Temperature Coefficient: X7R; Tolerance: ±10%; Voltage Rating: 100V,Sources: BOM_PASTER_8984112A_Y182.xls; Designators: BOM_PASTER_8984112A_Y182.xls: C52,METADATA_READY,legacy_import,Capacitors,Capacitors.kicad_sym,Capacitors.pretty,CONVERTED
C52923,CL05A105KA5NQNC,SAMSUNG,1uF ±10% 25V Ceramic Capacitor X5R,Capacitors/Ceramic Capacitors,CL05A105KA5NQNC,C0402,1uF,0402,https://atta.szlcsc.com/upload/public/pdf/source/20160218/1457707763339.pdf,D:/办公相关/项目相关/三花/03-灵巧手项目/O-外置驱动器/Library/Private/LCSC_Classified/libraries/Capacitors/Capacitors.3dshapes/C0402_L1.0-W0.5-H0.5.wrl,Active,LCSC,0402-1uF-10V-10%,https://item.szlcsc.com/53938.html,Package: 0402; Capacitance: 1uF; Tolerance: ±10%; Voltage Rating: 25V; Temperature Coefficient: X5R,"Designators: Y43-C2,C4,C5,C7,C16",METADATA_READY,Y43,Capacitors,Capacitors.kicad_sym,Capacitors.pretty,CONVERTED
C534364,BSC070N10NS5,Infineon,N-Channel 100V 80A 83W Surface Mount TDSON-8(5x6),"Transistors/Thyristors/Single FETs, MOSFETs",BSC070N10NS5,PG-TDSON-8_L5.0-W6.0-P1.27-LS6.2-BL-EP,,TDSON-8(5x6),https://datasheet.lcsc.com/datasheet/pdf/85672115bc80b2ab20a76143a9527c0c.pdf?productCode=C534364,D:/办公相关/项目相关/三花/03-灵巧手项目/O-外置驱动器/Library/Private/LCSC_Classified/libraries/Transistors/Transistors.3dshapes/PG-TDSON-8_L5.0-W6.0-H1.0-P1.27.wrl,Active,LCSC,PG-TDSON-8_L5.9-W5.1-P1.27-LS6.2-BL,https://www.lcsc.com/product-detail/C534364.html,Package: TDSON-8(5x6); Output Capacitance(Coss): 340pF; Pd - Power Dissipation: 83W; Configuration: -; Operating Temperature: -55℃~+150℃; Drain to Source Voltage: 100V; Current - Continuous Drain(Id): 80A; Gate Threshold Voltage (Vgs(th)): 3.8V; Reverse Transfer Capacitance (Crss@Vds): 28pF; RDS(on): 7mΩ@10V; Number: 1 N-channel; Input Capacitance(Ciss): 2.7nF; Gate Charge(Qg): 38nC@10V; Vgs: ±20V; Type: N-Channel,"Designators: Q1, Q2, Q3, Q4, Q5, Q6",METADATA_READY,X200T_ECU_B1_V1.0_20240809,Transistors,Transistors.kicad_sym,Transistors.pretty,CONVERTED
C5381667,AP7347DQ-33FDZW-7,DIODES,3.3V 500mA 5.5V Low Dropout Linear Regulator,"Power Management (PMIC)/Voltage Regulators - Linear, Low Drop Out (LDO) Regulators",AP7347DQ-33FDZW-7,WDFN-6_L2.0-W2.0-P0.65-BL-EP,3.3V 500mA,WDFN2020-6-EP,https://atta.szlcsc.com/upload/public/pdf/source/20230314/3856240D523D935DC7C1B61A87430C15.pdf,D:/办公相关/项目相关/三花/03-灵巧手项目/O-外置驱动器/Library/Private/LCSC_Classified/libraries/Power Management (PMIC)/Power Management (PMIC).3dshapes/WDFN-6_L2.0-W2.0-H0.8-P0.65.wrl,Active,LCSC,W-DFN2020-6/500mA/1.7~5.5V,https://item.szlcsc.com/6251273.html,Package: WDFN2020-6-EP; Output Current: 500mA; Output Voltage: 3.3V; Input Voltage: 5.5V,Designators: Y43-U4; Z300BL-U4,METADATA_READY,Y43; Z300BL,Power Management (PMIC),Power Management (PMIC).kicad_sym,Power Management (PMIC).pretty,CONVERTED
C54318468,,,Imported from legacy JLC paste BOM,Embedded Processors & Controllers/Microcontrollers,C54318468,ExternalDriver_MCU,9990000056678,MCU,,,Unknown,LCSC,MCU,https://www.lcsc.com/product-detail/C54318468.html,,"Sources: BOM_PASTER_8984112A_Y182.xls, BOM_PASTER_8984112A_Y185.xls; Designators: BOM_PASTER_8984112A_Y182.xls: U6; BOM_PASTER_8984112A_Y185.xls: U2; Inferred from MCU designator and BOM description; confirm exact device later",CLASSIFIED_PARTIAL,legacy_import,Embedded Processors & Controllers,,,PENDING_CONVERSION
C54334395,GT-A0801WRS-108BBT01,G-Switch,"Surface Mount, Right Angle 100V 8 1 0.8mm 800mA 8P -40℃~+85℃ Tin Black 1x8P SMD,P=0.8mm,Surface Mount,Right Angle Headers, Male Pins","Connectors/Headers, Male Pins",GT-A0801WRS-108BBT01,CONN-SMD_GT-A0801WRS-108BBT01,9990000051497,"SMD,P=0.8mm,Surface Mount,Right Angle",https://datasheet.lcsc.com/datasheet/pdf/280a0ac82606d05a19e9b62f8ac57389.pdf?productCode=C54334395,D:/办公相关/项目相关/三花/03-灵巧手项目/O-外置驱动器/Library/Private/LCSC_Classified/libraries/Connectors/Connectors.3dshapes/CONN-SMD_GT-A0801WRS-108BBT01.wrl,Active,LCSC,接插件,https://www.lcsc.com/product-detail/C54334395.html,"Package: SMD,P=0.8mm,Surface Mount,Right Angle; Connector Type: Surface Mount, Right Angle; Voltage Rating (Max): 100V; Contact Material: Brass; Number of PINs Per Row: 8; Number of Rows: 1; Pitch: 0.8mm; Current Rating: 800mA; Flame Retardant Rating: UL94V-0; Number of PINs: 8P; Operating Temperature: -40℃~+85℃; Contact Plating: Tin; Plastic Material: LCP; Color: Black; Pin Structure: 1x8P",Sources: BOM_PASTER_8984112A_Y182.xls; Designators: BOM_PASTER_8984112A_Y182.xls: J9,METADATA_READY,legacy_import,Connectors,Connectors.kicad_sym,Connectors.pretty,CONVERTED
C561710,FN03N100J500PLG,PSA,10pF ±5% 50V Ceramic Capacitor C0G 0201,Capacitors/Ceramic Capacitors,FN03N100J500PLG,C_0201_0603Metric,10pF,0201,https://datasheet.lcsc.com/datasheet/pdf/1497a6a2cea2f2b0acf5e045d2bc193c.pdf?productCode=C561710,${KICAD10_3DMODEL_DIR}/Capacitor_SMD.3dshapes/C_0201_0603Metric.step,OutOfStock,LCSC,0201-10pF-50V-10%,https://www.lcsc.com/product-detail/C561710.html,Package: 0201; Capacitance: 10pF; Temperature Coefficient: C0G; Tolerance: ±5%; Voltage Rating: 50V,"Sources: BOM_PASTER_8984112A_Y182.xls; Designators: BOM_PASTER_8984112A_Y182.xls: C29,C32",METADATA_READY,legacy_import,Capacitors,Capacitors.kicad_sym,Capacitors.pretty,CONVERTED
C576517,GRM32EC72A106KE05L,muRata,10uF ±10% 100V Ceramic Capacitor X7S 1210,Capacitors/Ceramic Capacitors,GRM32EC72A106KE05L,C1210,10uF,1210,https://datasheet.lcsc.com/datasheet/pdf/a5661d5fbdf2b41a50853cb83d84d655.pdf?productCode=C576517,D:/办公相关/项目相关/三花/03-灵巧手项目/O-外置驱动器/Library/Private/LCSC_Classified/libraries/Capacitors/Capacitors.3dshapes/C1210_L3.2-W2.5-H2.5.wrl,Active,LCSC,C1210,https://www.lcsc.com/product-detail/C576517.html,Package: 1210; Capacitance: 10uF; Temperature Coefficient: X7S; Tolerance: ±10%; Voltage Rating: 100V,"Designators: C2, C3, C5, C6, C7, C8, C17, C46, C47, C48, C81, C82, C83, C87, C88",METADATA_READY,X200T_ECU_B1_V1.0_20240809,Capacitors,Capacitors.kicad_sym,Capacitors.pretty,CONVERTED
C577211,CC1206KKX7R0BB225,YAGEO,2.2uF ±10% 100V Ceramic Capacitor X7R 1206,Capacitors/Ceramic Capacitors,CC1206KKX7R0BB225,C1206,2.2uF,1206,https://datasheet.lcsc.com/datasheet/pdf/23ccee80ee542e7cf156a772bb589942.pdf?productCode=C577211,D:/办公相关/项目相关/三花/03-灵巧手项目/O-外置驱动器/Library/Private/LCSC_Classified/libraries/Capacitors/Capacitors.3dshapes/C1206_L3.2-W1.6-H1.3.wrl,Active,LCSC,C1206,https://www.lcsc.com/product-detail/C577211.html,Package: 1206; Capacitance: 2.2uF; Temperature Coefficient: X7R; Tolerance: ±10%; Voltage Rating: 100V,Designators: C12,METADATA_READY,X200T_ECU_B1_V1.0_20240809,Capacitors,Capacitors.kicad_sym,Capacitors.pretty,CONVERTED
C57928,SN65HVD75DR,TI,"1/1 Transceiver Half RS422, RS485 SOIC-8","Interface/Drivers, Receivers, Transceivers",SN65HVD75DR,SOIC-8_L4.9-W3.9-P1.27-LS6.0-BL,,SOIC-8,https://datasheet.lcsc.com/datasheet/pdf/819838ee06654d4b8c9e76b0a4745f2b.pdf?productCode=C57928,D:/办公相关/项目相关/三花/03-灵巧手项目/O-外置驱动器/Library/Private/LCSC_Classified/libraries/Interface/Interface.3dshapes/SOIC-8_L4.9-W3.9-H1.7-LS6.0-P1.27.wrl,Active,LCSC,SN65HVD75DR,https://www.lcsc.com/product-detail/C57928.html,Package: SOIC-8; Voltage - Supply: 3V~3.6V; Type: Transceiver; Data Rate: 20Mbps; Number of Nodes: 213; Operating Temperature: -40℃~+125℃; ESD Protect: ±15kV; Communication Mode: Half-Duplex; Number of Drivers: 1; Features: Tx/Rx enable;Enable shutdown;Fail-safe;Low-power mode;Thermal shutdown protection; Number of Receivers: 1; Quiescent Supply Current: 950uA,Designators: U6,METADATA_READY,X200T_ECU_B1_V1.0_20240809,Interface,Interface.kicad_sym,Interface.pretty,CONVERTED
C596322,CC1206JKNPOZBN222,YAGEO,2.2nF ±5% 630V Ceramic Capacitor NP0 1206,Capacitors/Ceramic Capacitors,CC1206JKNPOZBN222,C1206,2.2nF,1206,https://datasheet.lcsc.com/datasheet/pdf/9a86cbae8c34c796174906a7ab23dad0.pdf?productCode=C596322,D:/办公相关/项目相关/三花/03-灵巧手项目/O-外置驱动器/Library/Private/LCSC_Classified/libraries/Capacitors/Capacitors.3dshapes/C1206_L3.2-W1.6-H1.3.wrl,Active,LCSC,CC1206JKNPOZBN222,https://www.lcsc.com/product-detail/C596322.html,Package: 1206; Capacitance: 2.2nF; Temperature Coefficient: NP0; Tolerance: ±5%; Voltage Rating: 630V,"Sources: BOM_PASTER_8984112A_Y182.xls; Designators: BOM_PASTER_8984112A_Y182.xls: C14,C18",METADATA_READY,X200T_ECU_B1_V1.0_20240809; legacy_import,Capacitors,Capacitors.kicad_sym,Capacitors.pretty,CONVERTED
C60137,CC0402JRNPO9BN470,YAGEO,47pF ±5% 50V Ceramic Capacitor NP0 0402,Capacitors/Ceramic Capacitors,CC0402JRNPO9BN470,C0402,47pF,0402,https://datasheet.lcsc.com/datasheet/pdf/4eca2bb4b507f1633db47e922d632b95.pdf?productCode=C60137,D:/办公相关/项目相关/三花/03-灵巧手项目/O-外置驱动器/Library/Private/LCSC_Classified/libraries/Capacitors/Capacitors.3dshapes/C0402_L1.0-W0.5-H0.5.wrl,Active,LCSC,C0402,https://www.lcsc.com/product-detail/C60137.html,Package: 0402; Capacitance: 47pF; Temperature Coefficient: NP0; Tolerance: ±5%; Voltage Rating: 50V,Designators: C35,METADATA_READY,X200T_ECU_B1_V1.0_20240809,Capacitors,Capacitors.kicad_sym,Capacitors.pretty,CONVERTED
C60490,RC0402FR-0710KL,YAGEO,62.5mW 10kΩ 50V Thick Film Resistor ±100ppm/℃ ±1% 0402 Chip Resistor - Surface Mount RoHS,Resistors/Chip Resistor - Surface Mount,RC0402FR-0710KL,R0402,10kΩ,0402,https://datasheet.lcsc.com/datasheet/pdf/b426be3ce22c6de3e0c3a2248e49159e.pdf?productCode=C60490,D:/办公相关/项目相关/三花/03-灵巧手项目/O-外置驱动器/Library/Private/LCSC_Classified/libraries/Resistors/Resistors.3dshapes/R0402_L1.0-W0.5-H0.4.wrl,Active,LCSC,R0402,https://www.lcsc.com/product-detail/C60490.html,Package: 0402; Power(Watts): 62.5mW; Resistance: 10kΩ; Voltage Rating: 50V; Operating Temperature: -55℃~+155℃; Type: Thick Film Resistor; Temperature Coefficient: ±100ppm/℃; Tolerance: ±1%,"Designators: R7, R16, R17, R18, R27, R28, R29, R30, R59, R60, R61, R71, R72, R73, R77, R78, R91, R92, R93, R99",METADATA_READY,X200T_ECU_B1_V1.0_20240809,Resistors,Resistors.kicad_sym,Resistors.pretty,CONVERTED
C60491,RC0402FR-07100KL,YAGEO,100kΩ 62.5mW 50V Thick Film Resistor ±100ppm/℃ ±1% 0402 Chip Resistor - Surface Mount RoHS,Resistors/Chip Resistor - Surface Mount,RC0402FR-07100KL,R0402,100kΩ,0402,https://datasheet.lcsc.com/datasheet/pdf/b426be3ce22c6de3e0c3a2248e49159e.pdf?productCode=C60491,D:/办公相关/项目相关/三花/03-灵巧手项目/O-外置驱动器/Library/Private/LCSC_Classified/libraries/Resistors/Resistors.3dshapes/R0402_L1.0-W0.5-H0.4.wrl,Active,LCSC,RC0402FR-07100KL,https://www.lcsc.com/product-detail/C60491.html,Package: 0402; Resistance: 100kΩ; Power(Watts): 62.5mW; Voltage Rating: 50V; Operating Temperature: -55℃~+155℃; Type: Thick Film Resistor; Temperature Coefficient: ±100ppm/℃; Tolerance: ±1%,"Sources: BOM_PASTER_8984112A_Y182.xls, BOM_PASTER_8984112A_Y185.xls; Designators: BOM_PASTER_8984112A_Y182.xls: R14,R19; BOM_PASTER_8984112A_Y185.xls: R19",METADATA_READY,X200T_ECU_B1_V1.0_20240809; legacy_import,Resistors,Resistors.kicad_sym,Resistors.pretty,CONVERTED
C668346,GRM033Z71C104KE14D,muRata,100nF ±10% 16V Ceramic Capacitor X7R 0201,Capacitors/Ceramic Capacitors,GRM033Z71C104KE14D,C0201,100nF,0201,https://datasheet.lcsc.com/datasheet/pdf/0fb4604782167a586c3dd1f22396ac96.pdf?productCode=C668346,D:/办公相关/项目相关/三花/03-灵巧手项目/O-外置驱动器/Library/Private/LCSC_Classified/libraries/Capacitors/Capacitors.3dshapes/C0201_L0.6-W0.3-H0.3.wrl,Active,LCSC,0201-100nF-16V-10%,https://www.lcsc.com/product-detail/C668346.html,Package: 0201; Capacitance: 100nF; Temperature Coefficient: X7R; Tolerance: ±10%; Voltage Rating: 16V,"Sources: BOM_PASTER_8984112A_Y182.xls, BOM_PASTER_8984112A_Y185.xls, BOM_PASTER_8984112A_Y189.xls; Designators: BOM_PASTER_8984112A_Y182.xls: C1,C6,C12,C13,C21,C26,C27,C30,C31,C33,C34,C38,C46,C47,C48,C49,C50,C54,C55,C58,C59,C60; BOM_PASTER_8984112A_Y185.xls: C1,C2,C3,C4,C6,C7,C9,C12,C14,C21,C24; BOM_PASTER_8984112A_Y189.xls: C1",METADATA_READY,legacy_import,Capacitors,Capacitors.kicad_sym,Capacitors.pretty,CONVERTED
C720477,TS-1088-AR02016,XUNPU,Tactile Switch SPST 160gf 2mm SMD (SMT) Tab 4mm x 3mm Surface Mount,Switches/Tactile Switches,TS-1088-AR02016,SW-SMD_L3.9-W3.0-P4.45,TS-1088-AR02016,"SMD,4x3mm",https://datasheet.lcsc.com/datasheet/pdf/0475ac02febf455ca9ddcfb380b0df0d.pdf?productCode=C720477,D:/办公相关/项目相关/三花/03-灵巧手项目/O-外置驱动器/Library/Private/LCSC_Classified/libraries/Switches/Switches.3dshapes/SW-SMD_L3.9-W2.9-H2.0-LS4.8.wrl,Active,LCSC,SMD,https://www.lcsc.com/product-detail/C720477.html,"Package: SMD,4x3mm; with Bracket: Without Bracket; Length: 3.9mm; Height: 2mm; Operating Force: 1.6N; Voltage Rating: 12V; Switching Life: 100,000 cycles; Width: 3mm; Operating Temperature: -30℃~+80℃; Termination Style: SMD(SMT) Tab; Actuator Style: Round Button; With Lamp: -; Mounting Type: Surface Mount,Vertical; Circuit: SPST; Actuator/Cap Color: Black; IP Rating: -; Contact Current: 50mA",Sources: BOM_PASTER_8984112A_Y182.xls; Designators: BOM_PASTER_8984112A_Y182.xls: K2; BOM_PASTER_8984112A_Y182.xls: K1; BOM_PASTER_8984112A_Y182.xls: K3,METADATA_READY,legacy_import,Switches,Switches.kicad_sym,Switches.pretty,CONVERTED
C723375,PA2512FKF7T0R003E,YAGEO,3mΩ ±1% 3W Current Sense Resistor,Resistors/Chip Resistor - Surface Mount,PA2512FKF7T0R003E,R2512,3mΩ,2512,https://datasheet.lcsc.com/datasheet/pdf/5b6b15592a49e0e574b8071c20ab494b.pdf?productCode=C723375,D:/办公相关/项目相关/三花/03-灵巧手项目/O-外置驱动器/Library/Private/LCSC_Classified/libraries/Resistors/Resistors.3dshapes/R2512_L6.3-W3.2-H0.6.wrl,Active,LCSC,R2512,https://www.lcsc.com/product-detail/C723375.html,Package: 2512; Power(Watts): 3W; Resistance: 3mΩ; Voltage Rating: -; Type: Current Sense Resistor; Temperature Coefficient: ±100ppm/℃; Tolerance: ±1%,"Designators: R62, R63, R64",METADATA_READY,X200T_ECU_B1_V1.0_20240809,Resistors,Resistors.kicad_sym,Resistors.pretty,CONVERTED
C726882,SMBJ58CA,TWGMC,93.6VC Clamp 6.5A Ipp TVS DIODE DO-214AA(SMB),Transistors/Thyristors/TVS Diodes,SMBJ58CA_C726882,SMB_L4.6-W3.6-LS5.3-BI,,DO-214AA(SMB),https://datasheet.lcsc.com/datasheet/pdf/a5de6b41e5c0fc8fd537b2d1bace2e83.pdf?productCode=C726882,D:/办公相关/项目相关/三花/03-灵巧手项目/O-外置驱动器/Library/Private/LCSC_Classified/libraries/Transistors/Transistors.3dshapes/SMB_L4.6-W3.6-LS5.3-BI.wrl,Active,LCSC,SMB_L4.6-W3.6-LS5.3-BI,https://www.lcsc.com/product-detail/C726882.html,Package: DO-214AA(SMB); Clamping Voltage: 93.6V; Operating Temperature: -65℃~+150℃; Peak Pulse Current (Ipp): 6.5A; Peak Pulse Power Dissipation (Ppp): 600W@10/1000us; Number of Channels: 1; Voltage - Breakdown: 71.2V; type: TVS; Reverse Leakage Current (Ir): 1uA; Polarity: Bidirectional; Reverse Stand-Off Voltage (Vrwm): 58V,Designators: D1,METADATA_READY,X200T_ECU_B1_V1.0_20240809,Transistors,Transistors.kicad_sym,Transistors.pretty,CONVERTED
C730413,CL03C101JB3NNNC,Samsung Electro-Mechanics,100pF ±5% 50V Ceramic Capacitor C0G 0201,Capacitors/Ceramic Capacitors,CL03C101JB3NNNC,C0201,100pF,0201,https://datasheet.lcsc.com/datasheet/pdf/02336ea48ea44ca18c72517dd3cb7b47.pdf?productCode=C730413,D:/办公相关/项目相关/三花/03-灵巧手项目/O-外置驱动器/Library/Private/LCSC_Classified/libraries/Capacitors/Capacitors.3dshapes/C0201_L0.6-W0.3-H0.3.wrl,OutOfStock,LCSC,0201-100pF-50V-5%,https://www.lcsc.com/product-detail/C730413.html,Package: 0201; Capacitance: 100pF; Temperature Coefficient: C0G; Tolerance: ±5%; Voltage Rating: 50V,"Sources: BOM_PASTER_8984112A_Y182.xls, BOM_PASTER_8984112A_Y185.xls; Designators: BOM_PASTER_8984112A_Y182.xls: C3,C4,C5,C9,C10,C11,C24,C35,C36,C37,C39,C40,C42,C43,C44,C45; BOM_PASTER_8984112A_Y185.xls: C18,C19,C20,C22",METADATA_READY,legacy_import,Capacitors,Capacitors.kicad_sym,Capacitors.pretty,CONVERTED
C730422,CL03Y104KO3NNNC,SAMSUNG,100nF ±10% 16V Ceramic Capacitor X7R,Capacitors/Ceramic Capacitors,CL03Y104KO3NNNC,C0201,100nF,0201,https://atta.szlcsc.com/upload/public/pdf/source/20160218/1457707763339.pdf,D:/办公相关/项目相关/三花/03-灵巧手项目/O-外置驱动器/Library/Private/LCSC_Classified/libraries/Capacitors/Capacitors.3dshapes/C0201_L0.6-W0.3-H0.3.wrl,Active,LCSC,0201-100nF-16V-10%,https://item.szlcsc.com/778821.html,Package: 0201; Capacitance: 100nF; Tolerance: ±10%; Voltage Rating: 16V; Temperature Coefficient: X7R,Designators: Y43-C17; Z300BL-C17,METADATA_READY,Y43; Z300BL,Capacitors,Capacitors.kicad_sym,Capacitors.pretty,CONVERTED
C7433196,,,Imported from legacy JLC paste BOM,"Magnetic Sensors/Angle, Linear Position Measuring",MA735GGU-Z,UTQFN-14_L2.0-W2.0-P0.40-TL,9990000053832,磁性角度传感器,,D:/办公相关/项目相关/三花/03-灵巧手项目/O-外置驱动器/Library/Private/LCSC_Classified/libraries/Magnetic Sensors/Magnetic Sensors.3dshapes/UTQFN-14_L2.0-W2.0-P0.40-TL.wrl,Unknown,LCSC,磁性角度传感器,https://www.lcsc.com/product-detail/C7433196.html,,Sources: BOM_PASTER_8984112A_Y185.xls; Designators: BOM_PASTER_8984112A_Y185.xls: U5; Inferred from magnetic angle sensor description; confirm exact device later,CLASSIFIED_PARTIAL,legacy_import,Magnetic Sensors,Magnetic Sensors.kicad_sym,Magnetic Sensors.pretty,CONVERTED
C76584,ACT45B-510-2P-TL003,TDK,51uH@100kHz 2Line Common Mode Choke Surface Mount 4.5x3.2mm 2.8kΩ@10MHz 200mA DCR 1Ω,Filters/Common Mode Chokes,ACT45B-510-2P-TL003,IND-SMD_4P-L4.5-W3.2-TL,ACT45B-510-2P-TL003,"SMD,4.5x3.2mm",https://datasheet.lcsc.com/datasheet/pdf/cb07ecc75a61cece76a46e3958ee43a7.pdf?productCode=C76584,D:/办公相关/项目相关/三花/03-灵巧手项目/O-外置驱动器/Library/Private/LCSC_Classified/libraries/Filters/Filters.3dshapes/IND-SMD_4P-L4.5-W3.2-H2.6.wrl,Active,LCSC,IND-SMD_4P-L4.5-W3.2-TL,https://www.lcsc.com/product-detail/C76584.html,"Package: SMD,4.5x3.2mm; Inductance @ Frequency: 51uH@100kHz; DC Resistance(DCR): 1Ω; Insulation Resistance(IR): 200kΩ; Number of Lines: 2; Voltage Rating: 50V; Voltage Withstand: 50V; Impedance @ Frequency: 2.8kΩ@10MHz; Current Rating: 200mA; Operating Temperature: -40℃~+150℃",Designators: L4,METADATA_READY,X200T_ECU_B1_V1.0_20240809,Filters,Filters.kicad_sym,Filters.pretty,CONVERTED
C76884,BLM15AG601SN1D,muRata,600Ω@100MHz 1 Line Ferrite Bead 0402 300mA 520mΩ,Filters/Ferrite Beads and Chips,BLM15AG601SN1D,L_0402_1005Metric,9990000051493,0402,https://datasheet.lcsc.com/datasheet/pdf/f85b01b3a1a015a5ec4a9f03876e0063.pdf?productCode=C76884,${KICAD10_3DMODEL_DIR}/Inductor_SMD.3dshapes/L_0402_1005Metric.step,Active,LCSC,贴片磁珠,https://www.lcsc.com/product-detail/C76884.html,Package: 0402; DC Resistance(DCR): 520mΩ; Operating Temperature: -55℃~+125℃; Number of Lines: 1; Tolerance: ±25%; Current Rating: 300mA; Impedance @ Frequency: 600Ω@100MHz,"Sources: BOM_PASTER_8984112A_Y182.xls, BOM_PASTER_8984112A_Y185.xls; Designators: BOM_PASTER_8984112A_Y182.xls: L4; BOM_PASTER_8984112A_Y185.xls: L1",METADATA_READY,X200T_ECU_B1_V1.0_20240809; legacy_import,Filters,Filters.kicad_sym,Filters.pretty,CONVERTED
C76941,GRM033R71A103KA01D,muRata,10nF ±10% 10V Ceramic Capacitor X7R 0201,Capacitors/Ceramic Capacitors,GRM033R71A103KA01D,C_0201_0603Metric,10nF,0201,https://datasheet.lcsc.com/datasheet/pdf/58a7d404c3534585b4a0e91caba788f7.pdf?productCode=C76941,${KICAD10_3DMODEL_DIR}/Capacitor_SMD.3dshapes/C_0201_0603Metric.step,Active,LCSC,0201-10nF-10V-10%,https://www.lcsc.com/product-detail/C76941.html,Package: 0201; Capacitance: 10nF; Temperature Coefficient: X7R; Tolerance: ±10%; Voltage Rating: 10V,Sources: BOM_PASTER_8984112A_Y185.xls; Designators: BOM_PASTER_8984112A_Y185.xls: C10,METADATA_READY,legacy_import,Capacitors,Capacitors.kicad_sym,Capacitors.pretty,CONVERTED
C77020,GRM155R71H104KE14D,muRata,100nF ±10% 50V Ceramic Capacitor X7R 0402,Capacitors/Ceramic Capacitors,GRM155R71H104KE14D,C_0402_1005Metric,100nF,0402,https://datasheet.lcsc.com/datasheet/pdf/64ac52ef9cc4e1905eba7e2ece85e662.pdf?productCode=C77020,${KICAD10_3DMODEL_DIR}/Capacitor_SMD.3dshapes/C_0402_1005Metric.step,Active,LCSC,C0402,https://www.lcsc.com/product-detail/C77020.html,Package: 0402; Capacitance: 100nF; Temperature Coefficient: X7R; Tolerance: ±10%; Voltage Rating: 50V,"Designators: C10, C18, C19, C20, C23, C24, C25, C26, C30, C32, C34, C36, C38, C39, C40, C41, C42, C43, C44, C50, C51, C72, C77, C78",METADATA_READY,X200T_ECU_B1_V1.0_20240809,Capacitors,Capacitors.kicad_sym,Capacitors.pretty,CONVERTED
C77131,NCP15XH103F03RC,muRata,NTC Thermistor 10kΩ Surface Mount 0402,Sensors/NTC Thermistors,NCP15XH103F03RC,R_0402_1005Metric,0402-10K-1%,0402,https://datasheet.lcsc.com/datasheet/pdf/c9e5c9a36e405340079034c7608ac4b6.pdf?productCode=C77131,${KICAD10_3DMODEL_DIR}/Resistor_SMD.3dshapes/R_0402_1005Metric.step,Active,LCSC,0402-10K-1%,https://www.lcsc.com/product-detail/C77131.html,Package: 0402; Resistance @ 25℃: 10kΩ; Width: 0.5mm; Power(Watts): 100mW; Operating Temperature: -40℃~+125℃; B Constant (25℃/100℃): 3455K; Length: 1mm; Steady State Current (Max): 310uA; B Constant (25℃/85℃): 3434K; B Constant (25℃/75℃): -; B Constant (25℃/50℃): 3380K; B Constant Tolerance: ±1%; Resistance Tolerance: ±1%,"Sources: BOM_PASTER_8984112A_Y182.xls, BOM_PASTER_8984112A_Y185.xls; Designators: BOM_PASTER_8984112A_Y182.xls: R12; BOM_PASTER_8984112A_Y185.xls: R16",METADATA_READY,X200T_ECU_B1_V1.0_20240809; legacy_import,Sensors,Sensors.kicad_sym,Sensors.pretty,CONVERTED
C77623,RC0201FR-07100RL,YAGEO,50mW 100Ω 25V Thick Film Resistor ±1% ±200ppm/℃ 0201 Chip Resistor - Surface Mount RoHS,Resistors/Chip Resistor - Surface Mount,RC0201FR-07100RL,R_0201_0603Metric,100Ω,0201,https://datasheet.lcsc.com/datasheet/pdf/b426be3ce22c6de3e0c3a2248e49159e.pdf?productCode=C77623,${KICAD10_3DMODEL_DIR}/Resistor_SMD.3dshapes/R_0201_0603Metric.step,Active,LCSC,RC0201FR-07100RL,https://www.lcsc.com/product-detail/C77623.html,Package: 0201; Power(Watts): 50mW; Resistance: 100Ω; Voltage Rating: 25V; Operating Temperature: -55℃~+125℃; Type: Thick Film Resistor; Tolerance: ±1%; Temperature Coefficient: ±200ppm/℃,"Sources: BOM_PASTER_8984112A_Y182.xls, BOM_PASTER_8984112A_Y185.xls, BOM_PASTER_8984112A_Y189.xls; Designators: BOM_PASTER_8984112A_Y182.xls: R9,R10,R11,R23,R24,R25,R26,R27,R28,R29,R30,R31,R34,R38,R40,R42; BOM_PASTER_8984112A_Y185.xls: R5,R6,R13,R14,R15; BOM_PASTER_8984112A_Y189.xls: R3",METADATA_READY,legacy_import,Resistors,Resistors.kicad_sym,Resistors.pretty,CONVERTED
C78879,LBAV99WT1G,LRC,Diode Array 1 Pair Series Connection 100V 215mA Surface Mount SOT-323-3,Diodes/Single Diodes,LBAV99WT1G,SOT-323_SC-70,9980000554040,SOT-323-3,https://datasheet.lcsc.com/datasheet/pdf/e0d821bbff5b81ab0a494cfb58dfac18.pdf?productCode=C78879,${KICAD10_3DMODEL_DIR}/Package_TO_SOT_SMD.3dshapes/SOT-323_SC-70.step,Active,LCSC,贴片二极管,https://www.lcsc.com/product-detail/C78879.html,Package: SOT-323-3; Reverse Recovery Time (trr): 6ns; Operating Junction Temperature Range: -65℃~+150℃; Voltage - DC Reverse (Vr) (Max): 100V; Diode Configuration: 1 Pair Series Connection; Pd - Power Dissipation: 200mW; Voltage - Forward(Vf@If): 1.25V@150mA; Reverse Leakage Current (Ir): 2.5uA; Non-Repetitive Peak Forward Surge Current: -; Current - Rectified: 215mA,"Sources: BOM_PASTER_8984112A_Y182.xls; Designators: BOM_PASTER_8984112A_Y182.xls: D1,D2,D3",METADATA_READY,legacy_import,Diodes,Diodes.kicad_sym,Diodes.pretty,CONVERTED
C82868,RC0402FR-0722KL,YAGEO,62.5mW 22kΩ 50V Thick Film Resistor ±100ppm/℃ ±1% 0402 Chip Resistor - Surface Mount RoHS,Resistors/Chip Resistor - Surface Mount,RC0402FR-0722KL,R_0402_1005Metric,22kΩ,0402,https://datasheet.lcsc.com/datasheet/pdf/b426be3ce22c6de3e0c3a2248e49159e.pdf?productCode=C82868,${KICAD10_3DMODEL_DIR}/Resistor_SMD.3dshapes/R_0402_1005Metric.step,Active,LCSC,RC0402FR-0722KL,https://www.lcsc.com/product-detail/C82868.html,Package: 0402; Power(Watts): 62.5mW; Resistance: 22kΩ; Voltage Rating: 50V; Operating Temperature: -55℃~+155℃; Type: Thick Film Resistor; Temperature Coefficient: ±100ppm/℃; Tolerance: ±1%,"Sources: BOM_PASTER_8984112A_Y182.xls; Designators: BOM_PASTER_8984112A_Y182.xls: R1,R3,R4",METADATA_READY,X200T_ECU_B1_V1.0_20240809; legacy_import,Resistors,Resistors.kicad_sym,Resistors.pretty,CONVERTED
C851693,RC0201DR-0726K1L,YAGEO,26.1kΩ 50mW 25V Thick Film Resistor ±0.5% ±200ppm/℃ 0201 Chip Resistor - Surface Mount RoHS,Resistors/Chip Resistor - Surface Mount,RC0201DR-0726K1L,R_0201_0603Metric,26.1kΩ,0201,https://datasheet.lcsc.com/datasheet/pdf/b426be3ce22c6de3e0c3a2248e49159e.pdf?productCode=C851693,${KICAD10_3DMODEL_DIR}/Resistor_SMD.3dshapes/R_0201_0603Metric.step,Active,LCSC,RC0201DR-0726K1L,https://www.lcsc.com/product-detail/C851693.html,Package: 0201; Resistance: 26.1kΩ; Power(Watts): 50mW; Voltage Rating: 25V; Operating Temperature: -55℃~+125℃; Type: Thick Film Resistor; Tolerance: ±0.5%; Temperature Coefficient: ±200ppm/℃,Sources: BOM_PASTER_8984112A_Y182.xls; Designators: BOM_PASTER_8984112A_Y182.xls: R16,METADATA_READY,legacy_import,Resistors,Resistors.kicad_sym,Resistors.pretty,CONVERTED
C894119,NV24C08MUW3VLTBG,onsemi,8Kbit 1MHz I2C UDFN-8(2x3) Memory RoHS,Memory/Memory,NV24C08MUW3VLTBG,UDFN-8_L3.0-W2.0-P0.50-TL,9990000051491,UDFN-8(2x3),https://datasheet.lcsc.com/datasheet/pdf/a68f5d32ca862db2f9685fb6653c0c50.pdf?productCode=C894119,D:/办公相关/项目相关/三花/03-灵巧手项目/O-外置驱动器/Library/Private/LCSC_Classified/libraries/Memory/Memory.3dshapes/UDFN-8_L2.0-W3.0-H0.6-P0.50.wrl,Active,LCSC,EEPROM,https://www.lcsc.com/product-detail/C894119.html,"Package: UDFN-8(2x3); Operating Temperature: -40℃~+125℃; Features: Hardware write protection function;Noise suppression function;Built-in power-on reset (POR); Memory Size: 8Kbit; Voltage - Supply: 1.7V~5.5V;0.5mA; Clock Frequency: 1MHz; Access Time: 3500ns;900ns;450ns; Data Retention - TDR (Year): 100 Years; Write Cycle Time(tWC): 4ms; Standby Supply Current: 2uA; Write Cycle Endurance: 1,000,000 cycles; Interface: I2C",Sources: BOM_PASTER_8984112A_Y182.xls; Designators: BOM_PASTER_8984112A_Y182.xls: U7,METADATA_READY,X200T_ECU_B1_V1.0_20240809; legacy_import,Memory,Memory.kicad_sym,Memory.pretty,CONVERTED
C93940,RC0402FR-076K8L,YAGEO,62.5mW 6.8kΩ 50V Thick Film Resistor ±100ppm/℃ ±1% 0402 Chip Resistor - Surface Mount RoHS,Resistors/Chip Resistor - Surface Mount,RC0402FR-076K8L,R_0402_1005Metric,6.8kΩ,0402,https://datasheet.lcsc.com/datasheet/pdf/b426be3ce22c6de3e0c3a2248e49159e.pdf?productCode=C93940,${KICAD10_3DMODEL_DIR}/Resistor_SMD.3dshapes/R_0402_1005Metric.step,Active,LCSC,R0402,https://www.lcsc.com/product-detail/C93940.html,Package: 0402; Power(Watts): 62.5mW; Resistance: 6.8kΩ; Voltage Rating: 50V; Operating Temperature: -55℃~+155℃; Type: Thick Film Resistor; Temperature Coefficient: ±100ppm/℃; Tolerance: ±1%,"Designators: R76, R79, R80",METADATA_READY,X200T_ECU_B1_V1.0_20240809,Resistors,Resistors.kicad_sym,Resistors.pretty,CONVERTED
C93942,RC0402FR-0720KL,YAGEO,20kΩ 62.5mW 50V Thick Film Resistor ±100ppm/℃ ±1% 0402 Chip Resistor - Surface Mount RoHS,Resistors/Chip Resistor - Surface Mount,RC0402FR-0720KL,R_0402_1005Metric,20kΩ,0402,https://datasheet.lcsc.com/datasheet/pdf/b426be3ce22c6de3e0c3a2248e49159e.pdf?productCode=C93942,${KICAD10_3DMODEL_DIR}/Resistor_SMD.3dshapes/R_0402_1005Metric.step,Active,LCSC,R0402,https://www.lcsc.com/product-detail/C93942.html,Package: 0402; Resistance: 20kΩ; Power(Watts): 62.5mW; Voltage Rating: 50V; Operating Temperature: -55℃~+155℃; Type: Thick Film Resistor; Temperature Coefficient: ±100ppm/℃; Tolerance: ±1%,Designators: R75,METADATA_READY,X200T_ECU_B1_V1.0_20240809,Resistors,Resistors.kicad_sym,Resistors.pretty,CONVERTED
C965793,XL-1005UGC,XINGLIGHT,Emerald Green 531nm LED Indication - Discrete 3V 0402,Optoelectronics/LED Indication - Discrete,XL-1005UGC,LED_0402_1005Metric,XL-1005UGC,0402,https://datasheet.lcsc.com/datasheet/pdf/96b6fda6ff8a59c056f9124a5f0121bc.pdf?productCode=C965793,${KICAD10_3DMODEL_DIR}/LED_SMD.3dshapes/LED_0402_1005Metric.step,Active,LCSC,XL-1005UGC,https://www.lcsc.com/product-detail/C965793.html,Package: 0402; Installation method: Top-mount; Color Temperature: -; Peak Wavelength: 531nm; Lens Color: Water Clear; Luminous Intensity: 249mcd; Viewing Angle: 120°; Forward Current: 25mA; Illumination Color: Emerald Green; Lamp Holder Type: 1mm x 0.5mm square LED; Voltage - Forward(Vf): 3V; Operating Temperature: -40℃~+85℃; Diode Configuration: Discrete Diode; Wavelength: 516nm~531nm,"Sources: BOM_PASTER_8984112A_Y182.xls; Designators: BOM_PASTER_8984112A_Y182.xls: LED1,LED3",METADATA_READY,legacy_import,Optoelectronics,Optoelectronics.kicad_sym,Optoelectronics.pretty,CONVERTED
C9900009343,iC-PVL,IC-HAUS,iC-PVL QFN16 4x4 Linear Hall Sensor,"Magnetic Sensors/Angle, Linear Position Measuring",IC-PVL,QFN-16_L4.0-W4.0-P0.65-TL-EP2.7,iC-PVL,QFN16(4x4),https://atta.szlcsc.com/upload/public/pdf/source/20260917/41A48149B31B33F1461152DD9086207D.pdf,D:/办公相关/项目相关/三花/03-灵巧手项目/O-外置驱动器/Library/Private/LCSC_Classified/libraries/Magnetic Sensors/Magnetic Sensors.3dshapes/QFN-16_L4.0-W4.0-H1.0-P0.65.wrl,Active,LCSC,QFN16(4x4),https://item.szlcsc.com/217651.html,Package: QFN16-4x4; Function: linear Hall sensor; Current replacement reference: C46526385,Designators: Y193-U2; Y43-U3; Z300BL-U3,METADATA_READY,Y193; Y43; Z300BL,Magnetic Sensors,Magnetic Sensors.kicad_sym,Magnetic Sensors.pretty,CONVERTED
C9900093456,IC-TW39,iC-Haus,iC-Haus IC-TW39 encoder interface,"Magnetic Sensors/Angle, Linear Position Measuring",,,,IC-TW39,,,Unknown,LCSC,Unknown,https://www.szlcsc.com/,,Legacy LCSC code not found in domestic LCSC or JLCEDA; confirm current replacement and package; Designators: Y193-U3,CLASSIFIED_PARTIAL,Y193,Magnetic Sensors,,,PENDING_CONVERSION
C9900198844,,,Imported from legacy JLC paste BOM,Circuit Protection/TVS Diodes,C9900198844,D_SOD-323,9990000058441,SOD323-2L/5V/320W,,${KICAD10_3DMODEL_DIR}/Diode_SMD.3dshapes/D_SOD-323.step,Unknown,LCSC,SOD323-2L/5V/320W,https://www.lcsc.com/product-detail/C9900198844.html,,Sources: BOM_PASTER_8984112A_Y189.xls; Designators: BOM_PASTER_8984112A_Y189.xls: D1; Inferred from SOD323 5V 320W TVS description,CLASSIFIED_PARTIAL,legacy_import,Circuit Protection,Circuit Protection.kicad_sym,Circuit Protection.pretty,CONVERTED
C9900232088,,,Imported from legacy JLC paste BOM,Power Management (PMIC)/Power Modules,C9900232088,ExternalDriver_,9980000556405,电源模块,,,Unknown,LCSC,电源模块,https://www.lcsc.com/product-detail/C9900232088.html,,Sources: BOM_PASTER_8984112A_Y182.xls; Designators: BOM_PASTER_8984112A_Y182.xls: U2; Inferred from power module description; confirm exact device later,CLASSIFIED_PARTIAL,legacy_import,Power Management (PMIC),,,PENDING_CONVERSION
C9900301658,,,Imported from legacy JLC paste BOM,Circuit Protection/ESD Protection,DE5VS06BA,D_0201_0603Metric,9990000056296,贴片ESD管,,${KICAD10_3DMODEL_DIR}/Diode_SMD.3dshapes/D_0201_0603Metric.step,Unknown,LCSC,贴片ESD管,https://www.lcsc.com/product-detail/C9900301658.html,,"Sources: BOM_PASTER_8984112A_Y185.xls, BOM_PASTER_8984112A_Y189.xls; Designators: BOM_PASTER_8984112A_Y185.xls: D1; BOM_PASTER_8984112A_Y189.xls: D2,D3,D4; Inferred from DFN0603 5V 5.5A 60W ESD description",CLASSIFIED_PARTIAL,legacy_import,Circuit Protection,Circuit Protection.kicad_sym,Circuit Protection.pretty,CONVERTED
C9900304380,,,Imported from legacy JLC paste BOM,Transistors/Single FETs MOSFETs,C9900304380,ExternalDriver_PMOS,暂无料号43,PMOS管,,,Unknown,LCSC,PMOS管,https://www.lcsc.com/product-detail/C9900304380.html,,Sources: BOM_PASTER_8984112A_Y185.xls; Designators: BOM_PASTER_8984112A_Y185.xls: MOS1; Inferred from PMOS description,CLASSIFIED_PARTIAL,legacy_import,Transistors,,,PENDING_CONVERSION
