LCSC,MPN,Footprint,Model3D,ResolvedPath,Status
C100001,RC0603FR-0730KL,R0603,${LCSC_LIB_ROOT}/Resistors/Resistors.3dshapes/R0603.wrl,D:\办公相关\项目相关\三花\03-灵巧手项目\O-硬件设计\Library\Private\LCSC_Classified\libraries\Resistors\Resistors.3dshapes\R0603.wrl,OK
C100044,RC0603FR-070RL,R0603,${LCSC_LIB_ROOT}/Resistors/Resistors.3dshapes/R0603.wrl,D:\办公相关\项目相关\三花\03-灵巧手项目\O-硬件设计\Library\Private\LCSC_Classified\libraries\Resistors\Resistors.3dshapes\R0603.wrl,OK
C105871,RC0402FR-074K7L,R0402,${LCSC_LIB_ROOT}/Resistors/Resistors.3dshapes/R0402_L1.0-W0.5-H0.4.wrl,D:\办公相关\项目相关\三花\03-灵巧手项目\O-硬件设计\Library\Private\LCSC_Classified\libraries\Resistors\Resistors.3dshapes\R0402_L1.0-W0.5-H0.4.wrl,OK
C106199,CC0402JRNPO9BN100,C0402,${LCSC_LIB_ROOT}/Capacitors/Capacitors.3dshapes/C0402_L1.0-W0.5-H0.5.wrl,D:\办公相关\项目相关\三花\03-灵巧手项目\O-硬件设计\Library\Private\LCSC_Classified\libraries\Capacitors\Capacitors.3dshapes\C0402_L1.0-W0.5-H0.5.wrl,OK
C106225,RC0201FR-0710KL,R0201,${LCSC_LIB_ROOT}/Resistors/Resistors.3dshapes/R0201_L0.6-W0.3-H0.3.wrl,D:\办公相关\项目相关\三花\03-灵巧手项目\O-硬件设计\Library\Private\LCSC_Classified\libraries\Resistors\Resistors.3dshapes\R0201_L0.6-W0.3-H0.3.wrl,OK
C106226,RC0201FR-0710RL,R0201,${LCSC_LIB_ROOT}/Resistors/Resistors.3dshapes/R0201_L0.6-W0.3-H0.3.wrl,D:\办公相关\项目相关\三花\03-灵巧手项目\O-硬件设计\Library\Private\LCSC_Classified\libraries\Resistors\Resistors.3dshapes\R0201_L0.6-W0.3-H0.3.wrl,OK
C106227,RC0201FR-070RL,R0201,${LCSC_LIB_ROOT}/Resistors/Resistors.3dshapes/R0201_L0.6-W0.3-H0.3.wrl,D:\办公相关\项目相关\三花\03-灵巧手项目\O-硬件设计\Library\Private\LCSC_Classified\libraries\Resistors\Resistors.3dshapes\R0201_L0.6-W0.3-H0.3.wrl,OK
C106231,RC0402FR-070RL,R0402,${LCSC_LIB_ROOT}/Resistors/Resistors.3dshapes/R0402_L1.0-W0.5-H0.4.wrl,D:\办公相关\项目相关\三花\03-灵巧手项目\O-硬件设计\Library\Private\LCSC_Classified\libraries\Resistors\Resistors.3dshapes\R0402_L1.0-W0.5-H0.4.wrl,OK
C106235,RC0402FR-071KL,R0402,${LCSC_LIB_ROOT}/Resistors/Resistors.3dshapes/R0402_L1.0-W0.5-H0.4.wrl,D:\办公相关\项目相关\三花\03-灵巧手项目\O-硬件设计\Library\Private\LCSC_Classified\libraries\Resistors\Resistors.3dshapes\R0402_L1.0-W0.5-H0.4.wrl,OK
C106858,CC0603KRX7R8BB105,C0603,${LCSC_LIB_ROOT}/Capacitors/Capacitors.3dshapes/C0603_L1.6-W0.8-H0.8.wrl,D:\办公相关\项目相关\三花\03-灵巧手项目\O-硬件设计\Library\Private\LCSC_Classified\libraries\Capacitors\Capacitors.3dshapes\C0603_L1.6-W0.8-H0.8.wrl,OK
C106861,CC0402KRX7R9BB222,C0402,${LCSC_LIB_ROOT}/Capacitors/Capacitors.3dshapes/C0402_L1.0-W0.5-H0.5.wrl,D:\办公相关\项目相关\三花\03-灵巧手项目\O-硬件设计\Library\Private\LCSC_Classified\libraries\Capacitors\Capacitors.3dshapes\C0402_L1.0-W0.5-H0.5.wrl,OK
C110696,PESDNC2XD5VB,DFN0603-D_L0.6-W0.3-P0.34-BI,${LCSC_LIB_ROOT}/Transistors/Transistors.3dshapes/DFN0603-D_L0.6-W0.3--H0.3-P0.34-BI.wrl,D:\办公相关\项目相关\三花\03-灵巧手项目\O-硬件设计\Library\Private\LCSC_Classified\libraries\Transistors\Transistors.3dshapes\DFN0603-D_L0.6-W0.3--H0.3-P0.34-BI.wrl,OK
C113803,CC0603KRX7R0BB104,C0603,${LCSC_LIB_ROOT}/Capacitors/Capacitors.3dshapes/C0603_L1.6-W0.8-H0.8.wrl,D:\办公相关\项目相关\三花\03-灵巧手项目\O-硬件设计\Library\Private\LCSC_Classified\libraries\Capacitors\Capacitors.3dshapes\C0603_L1.6-W0.8-H0.8.wrl,OK
C113804,CC0603KRX7R0BB222,C0603,${LCSC_LIB_ROOT}/Capacitors/Capacitors.3dshapes/C0603_L1.6-W0.8-H0.8.wrl,D:\办公相关\项目相关\三花\03-灵巧手项目\O-硬件设计\Library\Private\LCSC_Classified\libraries\Capacitors\Capacitors.3dshapes\C0603_L1.6-W0.8-H0.8.wrl,OK
C1342773,STM32G473CEU6,UFQFPN-48_L7.0-W7.0-P0.50-BL-EP5.6,${LCSC_LIB_ROOT}/Embedded Processors & Controllers/Embedded Processors & Controllers.3dshapes/UFQFPN-48_L7.0-W7.0-H0.6-P0.50.wrl,D:\办公相关\项目相关\三花\03-灵巧手项目\O-硬件设计\Library\Private\LCSC_Classified\libraries\Embedded Processors & Controllers\Embedded Processors & Controllers.3dshapes\UFQFPN-48_L7.0-W7.0-H0.6-P0.50.wrl,OK
C138031,RC0402FR-0720RL,R0402,${LCSC_LIB_ROOT}/Resistors/Resistors.3dshapes/R0402_L1.0-W0.5-H0.4.wrl,D:\办公相关\项目相关\三花\03-灵巧手项目\O-硬件设计\Library\Private\LCSC_Classified\libraries\Resistors\Resistors.3dshapes\R0402_L1.0-W0.5-H0.4.wrl,OK
C138135,RC0201FR-074K7L,R0201,${LCSC_LIB_ROOT}/Resistors/Resistors.3dshapes/R0201_L0.6-W0.3-H0.3.wrl,D:\办公相关\项目相关\三花\03-灵巧手项目\O-硬件设计\Library\Private\LCSC_Classified\libraries\Resistors\Resistors.3dshapes\R0201_L0.6-W0.3-H0.3.wrl,OK
C138139,RC0201FR-0747KL,R0201,${LCSC_LIB_ROOT}/Resistors/Resistors.3dshapes/R0201_L0.6-W0.3-H0.3.wrl,D:\办公相关\项目相关\三花\03-灵巧手项目\O-硬件设计\Library\Private\LCSC_Classified\libraries\Resistors\Resistors.3dshapes\R0201_L0.6-W0.3-H0.3.wrl,OK
C138165,RC0201FR-071KL,R0201,${LCSC_LIB_ROOT}/Resistors/Resistors.3dshapes/R0201_L0.6-W0.3-H0.3.wrl,D:\办公相关\项目相关\三花\03-灵巧手项目\O-硬件设计\Library\Private\LCSC_Classified\libraries\Resistors\Resistors.3dshapes\R0201_L0.6-W0.3-H0.3.wrl,OK
C144651,AC0603FR-074R7L,R0603,${LCSC_LIB_ROOT}/Resistors/Resistors.3dshapes/R0603.wrl,D:\办公相关\项目相关\三花\03-灵巧手项目\O-硬件设计\Library\Private\LCSC_Classified\libraries\Resistors\Resistors.3dshapes\R0603.wrl,OK
C14675,RC0603FR-07100KL,R0603,${LCSC_LIB_ROOT}/Resistors/Resistors.3dshapes/R0603.wrl,D:\办公相关\项目相关\三花\03-灵巧手项目\O-硬件设计\Library\Private\LCSC_Classified\libraries\Resistors\Resistors.3dshapes\R0603.wrl,OK
C15725,CL10B104KC8NNNC,C0603,${LCSC_LIB_ROOT}/Capacitors/Capacitors.3dshapes/C0603_L1.6-W0.8-H0.8.wrl,D:\办公相关\项目相关\三花\03-灵巧手项目\O-硬件设计\Library\Private\LCSC_Classified\libraries\Capacitors\Capacitors.3dshapes\C0603_L1.6-W0.8-H0.8.wrl,OK
C15771,"PESD1CAN,215",SOT-23_L2.9-W1.3-P1.90-LS2.4-BR,${LCSC_LIB_ROOT}/Transistors/Transistors.3dshapes/SOT-23-3P_L2.9-W1.3-H1.0-LS2.4-P0.95.wrl,D:\办公相关\项目相关\三花\03-灵巧手项目\O-硬件设计\Library\Private\LCSC_Classified\libraries\Transistors\Transistors.3dshapes\SOT-23-3P_L2.9-W1.3-H1.0-LS2.4-P0.95.wrl,OK
C160407,SM08B-SRSS-TB(LF)(SN),CONN-TH_SM08B-SRSS-TB-LF-SN,${LCSC_LIB_ROOT}/Connectors/Connectors.3dshapes/CONN-SMD_SR1.00-WS-8P.wrl,D:\办公相关\项目相关\三花\03-灵巧手项目\O-硬件设计\Library\Private\LCSC_Classified\libraries\Connectors\Connectors.3dshapes\CONN-SMD_SR1.00-WS-8P.wrl,OK
C161690,BM02B-GHS-TBT(LF)(SN),CONN-SMD_2P-P1.25_BM02B-GHS-TBT-LF-SN,${LCSC_LIB_ROOT}/Connectors/Connectors.3dshapes/CONN-SMD_GH1.25-LS-2P.wrl,D:\办公相关\项目相关\三花\03-灵巧手项目\O-硬件设计\Library\Private\LCSC_Classified\libraries\Connectors\Connectors.3dshapes\CONN-SMD_GH1.25-LS-2P.wrl,OK
C163437,RC0402JR-0762RL,R0402,${LCSC_LIB_ROOT}/Resistors/Resistors.3dshapes/R0402_L1.0-W0.5-H0.4.wrl,D:\办公相关\项目相关\三花\03-灵巧手项目\O-硬件设计\Library\Private\LCSC_Classified\libraries\Resistors\Resistors.3dshapes\R0402_L1.0-W0.5-H0.4.wrl,OK
C167883,FNR4030S220MT,IND-SMD_L4.0-W4.0_FNR40XXS,"${LCSC_LIB_ROOT}/Inductors, Coils, Chokes/Inductors, Coils, Chokes.3dshapes/IND-SMD_L4.0-W4.0-H2.6_FNR40XXS.wrl","D:\办公相关\项目相关\三花\03-灵巧手项目\O-硬件设计\Library\Private\LCSC_Classified\libraries\Inductors, Coils, Chokes\Inductors, Coils, Chokes.3dshapes\IND-SMD_L4.0-W4.0-H2.6_FNR40XXS.wrl",OK
C1705,CL10A475KP8NNNC,C0603,${LCSC_LIB_ROOT}/Capacitors/Capacitors.3dshapes/C0603_L1.6-W0.8-H0.8.wrl,D:\办公相关\项目相关\三花\03-灵巧手项目\O-硬件设计\Library\Private\LCSC_Classified\libraries\Capacitors\Capacitors.3dshapes\C0603_L1.6-W0.8-H0.8.wrl,OK
C17701055,AGM12N10AP,PDFN-8_L3.3-W3.3-P0.65-BL,${LCSC_LIB_ROOT}/Transistors/Transistors.3dshapes/PDFN-8_L3.3-W3.3-H0.8-P0.65.wrl,D:\办公相关\项目相关\三花\03-灵巧手项目\O-硬件设计\Library\Private\LCSC_Classified\libraries\Transistors\Transistors.3dshapes\PDFN-8_L3.3-W3.3-H0.8-P0.65.wrl,OK
C1851993,CSTNE8M00G52A000R0,CRYSTAL-SMD_3P-L3.2-W1.3-P1.2-BL-1,"${LCSC_LIB_ROOT}/Crystals, Oscillators, Resonators/Crystals, Oscillators, Resonators.3dshapes/CRYSTAL-SMD_3P-L3.2-W1.3-P1.2-BL.wrl","D:\办公相关\项目相关\三花\03-灵巧手项目\O-硬件设计\Library\Private\LCSC_Classified\libraries\Crystals, Oscillators, Resonators\Crystals, Oscillators, Resonators.3dshapes\CRYSTAL-SMD_3P-L3.2-W1.3-P1.2-BL.wrl",OK
C189891,BM05B-GHS-TBT(LF)(SN)(N),CONN-SMD_BM05B-GHS-TBT,${LCSC_LIB_ROOT}/Connectors/Connectors.3dshapes/CONN-SMD_BM05B-GHS-TBT.wrl,D:\办公相关\项目相关\三花\03-灵巧手项目\O-硬件设计\Library\Private\LCSC_Classified\libraries\Connectors\Connectors.3dshapes\CONN-SMD_BM05B-GHS-TBT.wrl,OK
C19077592,SMBJ58CA,SMB_L4.6-W3.6-LS5.4-BI,${LCSC_LIB_ROOT}/Transistors/Transistors.3dshapes/SMB_L4.6-W3.6-LS5.4-BI.wrl,D:\办公相关\项目相关\三花\03-灵巧手项目\O-硬件设计\Library\Private\LCSC_Classified\libraries\Transistors\Transistors.3dshapes\SMB_L4.6-W3.6-LS5.4-BI.wrl,OK
C22355736,XL-1005UBC,LED0402-RD,${LCSC_LIB_ROOT}/Optoelectronics/Optoelectronics.3dshapes/LED0402_L1.0-W0.5-H0.2.wrl,D:\办公相关\项目相关\三花\03-灵巧手项目\O-硬件设计\Library\Private\LCSC_Classified\libraries\Optoelectronics\Optoelectronics.3dshapes\LED0402_L1.0-W0.5-H0.2.wrl,OK
C23829972,GRM188D72A105KE01D,C0603,${LCSC_LIB_ROOT}/Capacitors/Capacitors.3dshapes/C0603_L1.6-W0.8-H0.8.wrl,D:\办公相关\项目相关\三花\03-灵巧手项目\O-硬件设计\Library\Private\LCSC_Classified\libraries\Capacitors\Capacitors.3dshapes\C0603_L1.6-W0.8-H0.8.wrl,OK
C25503856,XL-1005UYC,LED0402-FD_YELLOW,${LCSC_LIB_ROOT}/Optoelectronics/Optoelectronics.3dshapes/LED0402-FD_YELLOW.wrl,D:\办公相关\项目相关\三花\03-灵巧手项目\O-硬件设计\Library\Private\LCSC_Classified\libraries\Optoelectronics\Optoelectronics.3dshapes\LED0402-FD_YELLOW.wrl,OK
C25744,0402WGF1002TCE,R0402,${LCSC_LIB_ROOT}/Resistors/Resistors.3dshapes/R0402_L1.0-W0.5-H0.4.wrl,D:\办公相关\项目相关\三花\03-灵巧手项目\O-硬件设计\Library\Private\LCSC_Classified\libraries\Resistors\Resistors.3dshapes\R0402_L1.0-W0.5-H0.4.wrl,OK
C273722,RC0402FR-07768KL,R0402,${LCSC_LIB_ROOT}/Resistors/Resistors.3dshapes/R0402_L1.0-W0.5-H0.4.wrl,D:\办公相关\项目相关\三花\03-灵巧手项目\O-硬件设计\Library\Private\LCSC_Classified\libraries\Resistors\Resistors.3dshapes\R0402_L1.0-W0.5-H0.4.wrl,OK
C274877,RC0201FR-076K8L,R0201,${LCSC_LIB_ROOT}/Resistors/Resistors.3dshapes/R0201_L0.6-W0.3-H0.3.wrl,D:\办公相关\项目相关\三花\03-灵巧手项目\O-硬件设计\Library\Private\LCSC_Classified\libraries\Resistors\Resistors.3dshapes\R0201_L0.6-W0.3-H0.3.wrl,OK
C2803380,CL05Y105KP6VPNC,C0402,${LCSC_LIB_ROOT}/Capacitors/Capacitors.3dshapes/C0402_L1.0-W0.5-H0.5.wrl,D:\办公相关\项目相关\三花\03-灵巧手项目\O-硬件设计\Library\Private\LCSC_Classified\libraries\Capacitors\Capacitors.3dshapes\C0402_L1.0-W0.5-H0.5.wrl,OK
C2937625,PZ254V-11-03P,HDR-TH_3P-P2.54-V-M_PZ254V-11-03P,${LCSC_LIB_ROOT}/Connectors/Connectors.3dshapes/HDR-TH_3P-P2.54-V-M_PZ254V-11-03P.wrl,D:\办公相关\项目相关\三花\03-灵巧手项目\O-硬件设计\Library\Private\LCSC_Classified\libraries\Connectors\Connectors.3dshapes\HDR-TH_3P-P2.54-V-M_PZ254V-11-03P.wrl,OK
C3003063,AZ1117CH2-5.0TRG1,SOT-223_L6.5-W3.5-P2.30-LS7.0-BR,${LCSC_LIB_ROOT}/Power Management (PMIC)/Power Management (PMIC).3dshapes/SOT-223-4P_L6.5-W3.5-H1.6-LS7.0-P2.30.wrl,D:\办公相关\项目相关\三花\03-灵巧手项目\O-硬件设计\Library\Private\LCSC_Classified\libraries\Power Management (PMIC)\Power Management (PMIC).3dshapes\SOT-223-4P_L6.5-W3.5-H1.6-LS7.0-P2.30.wrl,OK
C30111221,TCAN3413DDFR,SOT-23-8_L2.9-W1.6-P0.65-LS2.8-BR,${LCSC_LIB_ROOT}/Interface/Interface.3dshapes/SOT-23-8_L2.9-W1.6-H1.5-LS2.8-P0.65.wrl,D:\办公相关\项目相关\三花\03-灵巧手项目\O-硬件设计\Library\Private\LCSC_Classified\libraries\Interface\Interface.3dshapes\SOT-23-8_L2.9-W1.6-H1.5-LS2.8-P0.65.wrl,OK
C3039698,CL10B106MQ8NRNC,C0603,${LCSC_LIB_ROOT}/Capacitors/Capacitors.3dshapes/C0603_L1.6-W0.8-H0.8.wrl,D:\办公相关\项目相关\三花\03-灵巧手项目\O-硬件设计\Library\Private\LCSC_Classified\libraries\Capacitors\Capacitors.3dshapes\C0603_L1.6-W0.8-H0.8.wrl,OK
C307331,CL05B104KB54PNC,C0402,${LCSC_LIB_ROOT}/Capacitors/Capacitors.3dshapes/C0402_L1.0-W0.5-H0.5.wrl,D:\办公相关\项目相关\三花\03-灵巧手项目\O-硬件设计\Library\Private\LCSC_Classified\libraries\Capacitors\Capacitors.3dshapes\C0402_L1.0-W0.5-H0.5.wrl,OK
C329936,CGA4J1X7S1C106KT000N,C0805,${LCSC_LIB_ROOT}/Capacitors/Capacitors.3dshapes/C0805_L2.0-W1.3-H1.3.wrl,D:\办公相关\项目相关\三花\03-灵巧手项目\O-硬件设计\Library\Private\LCSC_Classified\libraries\Capacitors\Capacitors.3dshapes\C0805_L2.0-W1.3-H1.3.wrl,OK
C3655801,DRV8300DRGER,VQFN-24_L4.0-W4.0-P0.50-TL-EP2.5,${LCSC_LIB_ROOT}/Motor Driver ICs/Motor Driver ICs.3dshapes/VQFN-24_L4.0-W4.0-P0.50-TL-EP2.5.wrl,D:\办公相关\项目相关\三花\03-灵巧手项目\O-硬件设计\Library\Private\LCSC_Classified\libraries\Motor Driver ICs\Motor Driver ICs.3dshapes\VQFN-24_L4.0-W4.0-P0.50-TL-EP2.5.wrl,OK
C3681371,MP6543HGL-Z,QFN-24_L4.0-W3.0-P0.40-TL-EP,${LCSC_LIB_ROOT}/Motor Driver ICs/Motor Driver ICs.3dshapes/QFN-24_L4.0-W3.0-P0.40-TL-EP.wrl,D:\办公相关\项目相关\三花\03-灵巧手项目\O-硬件设计\Library\Private\LCSC_Classified\libraries\Motor Driver ICs\Motor Driver ICs.3dshapes\QFN-24_L4.0-W3.0-P0.40-TL-EP.wrl,OK
C3743587,TLV74033PDBVR,SOT-23-5_L2.9-W1.6-P0.95-LS2.8-BR,${LCSC_LIB_ROOT}/Power Management (PMIC)/Power Management (PMIC).3dshapes/SOT-23-5_L2.9-W1.6-P0.95-LS2.8-BR.wrl,D:\办公相关\项目相关\三花\03-灵巧手项目\O-硬件设计\Library\Private\LCSC_Classified\libraries\Power Management (PMIC)\Power Management (PMIC).3dshapes\SOT-23-5_L2.9-W1.6-P0.95-LS2.8-BR.wrl,OK
C382253,FM18X222K101PSG,C0603,${LCSC_LIB_ROOT}/Capacitors/Capacitors.3dshapes/C0603_L1.6-W0.8-H0.8.wrl,D:\办公相关\项目相关\三花\03-灵巧手项目\O-硬件设计\Library\Private\LCSC_Classified\libraries\Capacitors\Capacitors.3dshapes\C0603_L1.6-W0.8-H0.8.wrl,OK
C408972,TLV74333PDBVR,SOT-23-5_L3.0-W1.7-P0.95-LS2.8-BR,${LCSC_LIB_ROOT}/Power Management (PMIC)/Power Management (PMIC).3dshapes/SOT-23-5_L2.9-W1.6-H1.1-LS2.8-P0.95.wrl,D:\办公相关\项目相关\三花\03-灵巧手项目\O-硬件设计\Library\Private\LCSC_Classified\libraries\Power Management (PMIC)\Power Management (PMIC).3dshapes\SOT-23-5_L2.9-W1.6-H1.1-LS2.8-P0.95.wrl,OK
C428721,XT30UPB-M,CONN-TH_XT30UPB-M,${LCSC_LIB_ROOT}/Industrial control electrical/Industrial control electrical.3dshapes/CONN-TH_XT30UPB-M.wrl,D:\办公相关\项目相关\三花\03-灵巧手项目\O-硬件设计\Library\Private\LCSC_Classified\libraries\Industrial control electrical\Industrial control electrical.3dshapes\CONN-TH_XT30UPB-M.wrl,OK
C44209887,AP7375-33FDCW-7,U-DFN2020-6_L2.0-W2.0-P0.65-BL-EP-1,${LCSC_LIB_ROOT}/Power Management (PMIC)/Power Management (PMIC).3dshapes/U-DFN2020-6_L2.0-W2.0-P0.65-BL-EP-1.wrl,D:\办公相关\项目相关\三花\03-灵巧手项目\O-硬件设计\Library\Private\LCSC_Classified\libraries\Power Management (PMIC)\Power Management (PMIC).3dshapes\U-DFN2020-6_L2.0-W2.0-P0.65-BL-EP-1.wrl,OK
C47023655,DRV8376HNLGR,VQFN-28_L6.0-W5.0-P0.50-TL-EP4.0,${LCSC_LIB_ROOT}/Motor Driver ICs/Motor Driver ICs.3dshapes/VQFN-28_L6.0-W5.0-P0.50-TL-EP4.0.wrl,D:\办公相关\项目相关\三花\03-灵巧手项目\O-硬件设计\Library\Private\LCSC_Classified\libraries\Motor Driver ICs\Motor Driver ICs.3dshapes\VQFN-28_L6.0-W5.0-P0.50-TL-EP4.0.wrl,OK
C474825,RC0201FR-0776K8L,R_0201_0603Metric,${KICAD10_3DMODEL_DIR}/Resistor_SMD.3dshapes/R_0201_0603Metric.step,D:\KiCad10.0\share\kicad\3dmodels\Resistor_SMD.3dshapes\R_0201_0603Metric.step,OK
C477928,LM5164DDAR,SO-8_L4.9-W3.9-P1.27-LS6.0-BL-EP,${LCSC_LIB_ROOT}/Power Management (PMIC)/Power Management (PMIC).3dshapes/SO-8_L4.9-W3.9-H1.5-LS5.9-P1.27.wrl,D:\办公相关\项目相关\三花\03-灵巧手项目\O-硬件设计\Library\Private\LCSC_Classified\libraries\Power Management (PMIC)\Power Management (PMIC).3dshapes\SO-8_L4.9-W3.9-H1.5-LS5.9-P1.27.wrl,OK
C492420,PZ254V-12-6P,HDR-TH_6P-P2.54-V-M-R2-C3-S2.54,${LCSC_LIB_ROOT}/Connectors/Connectors.3dshapes/HDR-TH_6P-P2.54-V-M-R2-C3-S2.54.wrl,D:\办公相关\项目相关\三花\03-灵巧手项目\O-硬件设计\Library\Private\LCSC_Classified\libraries\Connectors\Connectors.3dshapes\HDR-TH_6P-P2.54-V-M-R2-C3-S2.54.wrl,OK
C49257133,MT6701QT-ACD,VQFN-16_L3.0-W3.0-P0.50-TL-EP1.7,${LCSC_LIB_ROOT}/Magnetic Sensors/Magnetic Sensors.3dshapes/VQFN-16_L3.0-W3.0-H1.0-P0.50.wrl,D:\办公相关\项目相关\三花\03-灵巧手项目\O-硬件设计\Library\Private\LCSC_Classified\libraries\Magnetic Sensors\Magnetic Sensors.3dshapes\VQFN-16_L3.0-W3.0-H1.0-P0.50.wrl,OK
C5138889,GPCA101-0502A001C1AA,CONN-TH_GREENCONN_GPCA101-0502A001C1AA,${LCSC_LIB_ROOT}/Connectors/Connectors.3dshapes/CONN-TH_GREENCONN_GPCA101-0502A001C1AA.wrl,D:\办公相关\项目相关\三花\03-灵巧手项目\O-硬件设计\Library\Private\LCSC_Classified\libraries\Connectors\Connectors.3dshapes\CONN-TH_GREENCONN_GPCA101-0502A001C1AA.wrl,OK
C5156756,FS32X106K101EGG,C1210,${LCSC_LIB_ROOT}/Capacitors/Capacitors.3dshapes/C1210_L3.2-W2.5-H2.5.wrl,D:\办公相关\项目相关\三花\03-灵巧手项目\O-硬件设计\Library\Private\LCSC_Classified\libraries\Capacitors\Capacitors.3dshapes\C1210_L3.2-W2.5-H2.5.wrl,OK
C52148452,SMF58CA,SOD-123_L2.8-W1.8-LS3.7-BI,${LCSC_LIB_ROOT}/Transistors/Transistors.3dshapes/SOD-123_L2.8-W1.8-LS3.7-BI.wrl,D:\办公相关\项目相关\三花\03-灵巧手项目\O-硬件设计\Library\Private\LCSC_Classified\libraries\Transistors\Transistors.3dshapes\SOD-123_L2.8-W1.8-LS3.7-BI.wrl,OK
C521963,SM712,SOT-23-3_L2.9-W1.3-P1.90-LS2.4-BR,${LCSC_LIB_ROOT}/Transistors/Transistors.3dshapes/SOT-23-3P_L2.9-W1.3-H1.0-LS2.4-P0.95.wrl,D:\办公相关\项目相关\三花\03-灵巧手项目\O-硬件设计\Library\Private\LCSC_Classified\libraries\Transistors\Transistors.3dshapes\SOT-23-3P_L2.9-W1.3-H1.0-LS2.4-P0.95.wrl,OK
C5224095,BZT52C13Q-7-F,D_SOD-123,${KICAD10_3DMODEL_DIR}/Diode_SMD.3dshapes/D_SOD-123.step,D:\KiCad10.0\share\kicad\3dmodels\Diode_SMD.3dshapes\D_SOD-123.step,OK
C524586,FXL0530-R10-M,IND-SMD_L5.2-W5.4,"${LCSC_LIB_ROOT}/Inductors, Coils, Chokes/Inductors, Coils, Chokes.3dshapes/IND-SMD_L5.2-W5.4.wrl","D:\办公相关\项目相关\三花\03-灵巧手项目\O-硬件设计\Library\Private\LCSC_Classified\libraries\Inductors, Coils, Chokes\Inductors, Coils, Chokes.3dshapes\IND-SMD_L5.2-W5.4.wrl",OK
C525226,FN15X104K500PKG,C0402,${LCSC_LIB_ROOT}/Capacitors/Capacitors.3dshapes/C0402_L1.0-W0.5-H0.5.wrl,D:\办公相关\项目相关\三花\03-灵巧手项目\O-硬件设计\Library\Private\LCSC_Classified\libraries\Capacitors\Capacitors.3dshapes\C0402_L1.0-W0.5-H0.5.wrl,OK
C527014,CC0402KRX7R0BB103,C0402,${LCSC_LIB_ROOT}/Capacitors/Capacitors.3dshapes/C0402_L1.0-W0.5-H0.5.wrl,D:\办公相关\项目相关\三花\03-灵巧手项目\O-硬件设计\Library\Private\LCSC_Classified\libraries\Capacitors\Capacitors.3dshapes\C0402_L1.0-W0.5-H0.5.wrl,OK
C52923,CL05A105KA5NQNC,C0402,${LCSC_LIB_ROOT}/Capacitors/Capacitors.3dshapes/C0402_L1.0-W0.5-H0.5.wrl,D:\办公相关\项目相关\三花\03-灵巧手项目\O-硬件设计\Library\Private\LCSC_Classified\libraries\Capacitors\Capacitors.3dshapes\C0402_L1.0-W0.5-H0.5.wrl,OK
C534364,BSC070N10NS5,PG-TDSON-8_L5.0-W6.0-P1.27-LS6.2-BL-EP,${LCSC_LIB_ROOT}/Transistors/Transistors.3dshapes/PG-TDSON-8_L5.0-W6.0-H1.0-P1.27.wrl,D:\办公相关\项目相关\三花\03-灵巧手项目\O-硬件设计\Library\Private\LCSC_Classified\libraries\Transistors\Transistors.3dshapes\PG-TDSON-8_L5.0-W6.0-H1.0-P1.27.wrl,OK
C5381667,AP7347DQ-33FDZW-7,WDFN-6_L2.0-W2.0-P0.65-BL-EP,${LCSC_LIB_ROOT}/Power Management (PMIC)/Power Management (PMIC).3dshapes/WDFN-6_L2.0-W2.0-H0.8-P0.65.wrl,D:\办公相关\项目相关\三花\03-灵巧手项目\O-硬件设计\Library\Private\LCSC_Classified\libraries\Power Management (PMIC)\Power Management (PMIC).3dshapes\WDFN-6_L2.0-W2.0-H0.8-P0.65.wrl,OK
C54334395,GT-A0801WRS-108BBT01,CONN-SMD_GT-A0801WRS-108BBT01,${LCSC_LIB_ROOT}/Connectors/Connectors.3dshapes/CONN-SMD_GT-A0801WRS-108BBT01.wrl,D:\办公相关\项目相关\三花\03-灵巧手项目\O-硬件设计\Library\Private\LCSC_Classified\libraries\Connectors\Connectors.3dshapes\CONN-SMD_GT-A0801WRS-108BBT01.wrl,OK
C54582078,SLESD11LE5.0C,D_0201_0603Metric,${LCSC_LIB_ROOT}/Circuit Protection/Circuit Protection.3dshapes/DFN0603-2L-BI-1.wrl,D:\办公相关\项目相关\三花\03-灵巧手项目\O-硬件设计\Library\Private\LCSC_Classified\libraries\Circuit Protection\Circuit Protection.3dshapes\DFN0603-2L-BI-1.wrl,OK
C561710,FN03N100J500PLG,C_0201_0603Metric,${KICAD10_3DMODEL_DIR}/Capacitor_SMD.3dshapes/C_0201_0603Metric.step,D:\KiCad10.0\share\kicad\3dmodels\Capacitor_SMD.3dshapes\C_0201_0603Metric.step,OK
C576517,GRM32EC72A106KE05L,C1210,${LCSC_LIB_ROOT}/Capacitors/Capacitors.3dshapes/C1210_L3.2-W2.5-H2.5.wrl,D:\办公相关\项目相关\三花\03-灵巧手项目\O-硬件设计\Library\Private\LCSC_Classified\libraries\Capacitors\Capacitors.3dshapes\C1210_L3.2-W2.5-H2.5.wrl,OK
C577211,CC1206KKX7R0BB225,C1206,${LCSC_LIB_ROOT}/Capacitors/Capacitors.3dshapes/C1206_L3.2-W1.6-H1.3.wrl,D:\办公相关\项目相关\三花\03-灵巧手项目\O-硬件设计\Library\Private\LCSC_Classified\libraries\Capacitors\Capacitors.3dshapes\C1206_L3.2-W1.6-H1.3.wrl,OK
C57928,SN65HVD75DR,SOIC-8_L4.9-W3.9-P1.27-LS6.0-BL,${LCSC_LIB_ROOT}/Interface/Interface.3dshapes/SOIC-8_L4.9-W3.9-H1.7-LS6.0-P1.27.wrl,D:\办公相关\项目相关\三花\03-灵巧手项目\O-硬件设计\Library\Private\LCSC_Classified\libraries\Interface\Interface.3dshapes\SOIC-8_L4.9-W3.9-H1.7-LS6.0-P1.27.wrl,OK
C596322,CC1206JKNPOZBN222,C1206,${LCSC_LIB_ROOT}/Capacitors/Capacitors.3dshapes/C1206_L3.2-W1.6-H1.3.wrl,D:\办公相关\项目相关\三花\03-灵巧手项目\O-硬件设计\Library\Private\LCSC_Classified\libraries\Capacitors\Capacitors.3dshapes\C1206_L3.2-W1.6-H1.3.wrl,OK
C60137,CC0402JRNPO9BN470,C0402,${LCSC_LIB_ROOT}/Capacitors/Capacitors.3dshapes/C0402_L1.0-W0.5-H0.5.wrl,D:\办公相关\项目相关\三花\03-灵巧手项目\O-硬件设计\Library\Private\LCSC_Classified\libraries\Capacitors\Capacitors.3dshapes\C0402_L1.0-W0.5-H0.5.wrl,OK
C60490,RC0402FR-0710KL,R0402,${LCSC_LIB_ROOT}/Resistors/Resistors.3dshapes/R0402_L1.0-W0.5-H0.4.wrl,D:\办公相关\项目相关\三花\03-灵巧手项目\O-硬件设计\Library\Private\LCSC_Classified\libraries\Resistors\Resistors.3dshapes\R0402_L1.0-W0.5-H0.4.wrl,OK
C60491,RC0402FR-07100KL,R0402,${LCSC_LIB_ROOT}/Resistors/Resistors.3dshapes/R0402_L1.0-W0.5-H0.4.wrl,D:\办公相关\项目相关\三花\03-灵巧手项目\O-硬件设计\Library\Private\LCSC_Classified\libraries\Resistors\Resistors.3dshapes\R0402_L1.0-W0.5-H0.4.wrl,OK
C668346,GRM033Z71C104KE14D,C0201,${LCSC_LIB_ROOT}/Capacitors/Capacitors.3dshapes/C0201_L0.6-W0.3-H0.3.wrl,D:\办公相关\项目相关\三花\03-灵巧手项目\O-硬件设计\Library\Private\LCSC_Classified\libraries\Capacitors\Capacitors.3dshapes\C0201_L0.6-W0.3-H0.3.wrl,OK
C720477,TS-1088-AR02016,SW-SMD_L3.9-W3.0-P4.45,${LCSC_LIB_ROOT}/Switches/Switches.3dshapes/SW-SMD_L3.9-W2.9-H2.0-LS4.8.wrl,D:\办公相关\项目相关\三花\03-灵巧手项目\O-硬件设计\Library\Private\LCSC_Classified\libraries\Switches\Switches.3dshapes\SW-SMD_L3.9-W2.9-H2.0-LS4.8.wrl,OK
C723375,PA2512FKF7T0R003E,R2512,${LCSC_LIB_ROOT}/Resistors/Resistors.3dshapes/R2512_L6.3-W3.2-H0.6.wrl,D:\办公相关\项目相关\三花\03-灵巧手项目\O-硬件设计\Library\Private\LCSC_Classified\libraries\Resistors\Resistors.3dshapes\R2512_L6.3-W3.2-H0.6.wrl,OK
C726882,SMBJ58CA,SMB_L4.6-W3.6-LS5.3-BI,${LCSC_LIB_ROOT}/Transistors/Transistors.3dshapes/SMB_L4.6-W3.6-LS5.3-BI.wrl,D:\办公相关\项目相关\三花\03-灵巧手项目\O-硬件设计\Library\Private\LCSC_Classified\libraries\Transistors\Transistors.3dshapes\SMB_L4.6-W3.6-LS5.3-BI.wrl,OK
C730413,CL03C101JB3NNNC,C0201,${LCSC_LIB_ROOT}/Capacitors/Capacitors.3dshapes/C0201_L0.6-W0.3-H0.3.wrl,D:\办公相关\项目相关\三花\03-灵巧手项目\O-硬件设计\Library\Private\LCSC_Classified\libraries\Capacitors\Capacitors.3dshapes\C0201_L0.6-W0.3-H0.3.wrl,OK
C730422,CL03Y104KO3NNNC,C0201,${LCSC_LIB_ROOT}/Capacitors/Capacitors.3dshapes/C0201_L0.6-W0.3-H0.3.wrl,D:\办公相关\项目相关\三花\03-灵巧手项目\O-硬件设计\Library\Private\LCSC_Classified\libraries\Capacitors\Capacitors.3dshapes\C0201_L0.6-W0.3-H0.3.wrl,OK
C7433196,MA735GGU-Z,UTQFN-14_L2.0-W2.0-P0.40-TL,${LCSC_LIB_ROOT}/Magnetic Sensors/Magnetic Sensors.3dshapes/UTQFN-14_L2.0-W2.0-P0.40-TL.wrl,D:\办公相关\项目相关\三花\03-灵巧手项目\O-硬件设计\Library\Private\LCSC_Classified\libraries\Magnetic Sensors\Magnetic Sensors.3dshapes\UTQFN-14_L2.0-W2.0-P0.40-TL.wrl,OK
C76584,ACT45B-510-2P-TL003,IND-SMD_4P-L4.5-W3.2-TL,${LCSC_LIB_ROOT}/Filters/Filters.3dshapes/IND-SMD_4P-L4.5-W3.2-H2.6.wrl,D:\办公相关\项目相关\三花\03-灵巧手项目\O-硬件设计\Library\Private\LCSC_Classified\libraries\Filters\Filters.3dshapes\IND-SMD_4P-L4.5-W3.2-H2.6.wrl,OK
C76884,BLM15AG601SN1D,L_0402_1005Metric,${KICAD10_3DMODEL_DIR}/Inductor_SMD.3dshapes/L_0402_1005Metric.step,D:\KiCad10.0\share\kicad\3dmodels\Inductor_SMD.3dshapes\L_0402_1005Metric.step,OK
C76941,GRM033R71A103KA01D,C_0201_0603Metric,${KICAD10_3DMODEL_DIR}/Capacitor_SMD.3dshapes/C_0201_0603Metric.step,D:\KiCad10.0\share\kicad\3dmodels\Capacitor_SMD.3dshapes\C_0201_0603Metric.step,OK
C77020,GRM155R71H104KE14D,C_0402_1005Metric,${KICAD10_3DMODEL_DIR}/Capacitor_SMD.3dshapes/C_0402_1005Metric.step,D:\KiCad10.0\share\kicad\3dmodels\Capacitor_SMD.3dshapes\C_0402_1005Metric.step,OK
C77131,NCP15XH103F03RC,R_0402_1005Metric,${KICAD10_3DMODEL_DIR}/Resistor_SMD.3dshapes/R_0402_1005Metric.step,D:\KiCad10.0\share\kicad\3dmodels\Resistor_SMD.3dshapes\R_0402_1005Metric.step,OK
C77623,RC0201FR-07100RL,R_0201_0603Metric,${KICAD10_3DMODEL_DIR}/Resistor_SMD.3dshapes/R_0201_0603Metric.step,D:\KiCad10.0\share\kicad\3dmodels\Resistor_SMD.3dshapes\R_0201_0603Metric.step,OK
C78879,LBAV99WT1G,SOT-323_SC-70,${KICAD10_3DMODEL_DIR}/Package_TO_SOT_SMD.3dshapes/SOT-323_SC-70.step,D:\KiCad10.0\share\kicad\3dmodels\Package_TO_SOT_SMD.3dshapes\SOT-323_SC-70.step,OK
C82868,RC0402FR-0722KL,R_0402_1005Metric,${KICAD10_3DMODEL_DIR}/Resistor_SMD.3dshapes/R_0402_1005Metric.step,D:\KiCad10.0\share\kicad\3dmodels\Resistor_SMD.3dshapes\R_0402_1005Metric.step,OK
C851693,RC0201DR-0726K1L,R_0201_0603Metric,${KICAD10_3DMODEL_DIR}/Resistor_SMD.3dshapes/R_0201_0603Metric.step,D:\KiCad10.0\share\kicad\3dmodels\Resistor_SMD.3dshapes\R_0201_0603Metric.step,OK
C894119,NV24C08MUW3VLTBG,UDFN-8_L3.0-W2.0-P0.50-TL,${LCSC_LIB_ROOT}/Memory/Memory.3dshapes/UDFN-8_L2.0-W3.0-H0.6-P0.50.wrl,D:\办公相关\项目相关\三花\03-灵巧手项目\O-硬件设计\Library\Private\LCSC_Classified\libraries\Memory\Memory.3dshapes\UDFN-8_L2.0-W3.0-H0.6-P0.50.wrl,OK
C93940,RC0402FR-076K8L,R_0402_1005Metric,${KICAD10_3DMODEL_DIR}/Resistor_SMD.3dshapes/R_0402_1005Metric.step,D:\KiCad10.0\share\kicad\3dmodels\Resistor_SMD.3dshapes\R_0402_1005Metric.step,OK
C93942,RC0402FR-0720KL,R_0402_1005Metric,${KICAD10_3DMODEL_DIR}/Resistor_SMD.3dshapes/R_0402_1005Metric.step,D:\KiCad10.0\share\kicad\3dmodels\Resistor_SMD.3dshapes\R_0402_1005Metric.step,OK
C965793,XL-1005UGC,LED_0402_1005Metric,${KICAD10_3DMODEL_DIR}/LED_SMD.3dshapes/LED_0402_1005Metric.step,D:\KiCad10.0\share\kicad\3dmodels\LED_SMD.3dshapes\LED_0402_1005Metric.step,OK
C9900009343,iC-PVL,QFN-16_L4.0-W4.0-P0.65-TL-EP2.7,${LCSC_LIB_ROOT}/Magnetic Sensors/Magnetic Sensors.3dshapes/QFN-16_L4.0-W4.0-H1.0-P0.65.wrl,D:\办公相关\项目相关\三花\03-灵巧手项目\O-硬件设计\Library\Private\LCSC_Classified\libraries\Magnetic Sensors\Magnetic Sensors.3dshapes\QFN-16_L4.0-W4.0-H1.0-P0.65.wrl,OK
MANUAL-GD32F503REL7,GD32F503REL7,ucBGA-64_4x4mm_Layout8x8_P0.4mm,${KICAD10_3DMODEL_DIR}/Package_BGA.3dshapes/ucBGA-64_4x4mm_Layout8x8_P0.4mm.step,D:\KiCad10.0\share\kicad\3dmodels\Package_BGA.3dshapes\ucBGA-64_4x4mm_Layout8x8_P0.4mm.step,OK
