LCSC,MPN,Manufacturer,Description,Category,Symbol,Footprint,Value,Package,Datasheet,DatasheetRev,DatasheetDate,LocalDatasheet,Lifecycle,LCSC_URL,Notes,ReviewStatus
C100001,,,,,,,,,,,,../datasheets/C100001/RC0603FR-0730KL.pdf,,,,
C100044,,,,,,,,,,,,../datasheets/C100044/RC0603FR-070RL.pdf,,,,
C105871,,,,,,,,,,,,../datasheets/C105871/RC0402FR-074K7L.pdf,,,,
C106199,,,,,,,,,,,,../datasheets/C106199/CC0402JRNPO9BN100.pdf,,,,
C106225,,,,,,,,,,,,../datasheets/C106225/RC0201FR-0710KL.pdf,,,,
C106226,,,,,,,,,,,,../datasheets/C106226/RC0201FR-0710RL.pdf,,,,
C106227,,,,,,,,,,,,../datasheets/C106227/RC0201FR-070RL.pdf,,,,
C106231,,,,,,,,,,,,../datasheets/C106231/RC0402FR-070RL.pdf,,,,
C106235,,,,,,,,,,,,../datasheets/C106235/RC0402FR-071KL.pdf,,,,
C106858,,,,,,,,,,,,../datasheets/C106858/CC0603KRX7R8BB105.pdf,,,,
C106861,,,,,,,,,,,,../datasheets/C106861/CC0402KRX7R9BB222.pdf,,,,
C110696,,,,,,,,,,,,../datasheets/C110696/PESDNC2XD5VB.pdf,,,,
C113803,,,,,,,,,,,,../datasheets/C113803/CC0603KRX7R0BB104.pdf,,,,
C113804,,,,,,,,,,,,../datasheets/C113804/CC0603KRX7R0BB222.pdf,,,,
C114761,,,,,,,,,,,,../datasheets/C114761/RC0402FR-0715KL.pdf,,,,
C124020,,,,,,,,,,,,,,,Preferred and fallback datasheet downloads failed.; CAN FD replacement candidate: C30111221 / TCAN3413DDFR.,CLASSIFIED_PARTIAL
C1342773,,,,,,,,,,,,../datasheets/C1342773/STM32G473CEU6.pdf,,,,
C138031,,,,,,,,,,,,../datasheets/C138031/RC0402FR-0720RL.pdf,,,,
C138135,,,,,,,,,,,,../datasheets/C138135/RC0201FR-074K7L.pdf,,,,
C138139,,,,,,,,,,,,../datasheets/C138139/RC0201FR-0747KL.pdf,,,,
C138165,,,,,,,,,,,,../datasheets/C138165/RC0201FR-071KL.pdf,,,,
C144651,,,,,,,,,,,,../datasheets/C144651/AC0603FR-074R7L.pdf,,,,
C14675,,,,,,,,,,,,../datasheets/C14675/RC0603FR-07100KL.pdf,,,,
C15725,,,,,,,,,,,,../datasheets/C15725/CL10B104KC8NNNC.pdf,,,,
C15771,,,,,,,,,,,,"../datasheets/C15771/PESD1CAN,215.pdf",,,,
C160407,,,,,,,,,,,,../datasheets/C160407/SM08B-SRSS-TB(LF)(SN).pdf,,,,
C161690,,,,,,,,,,,,../datasheets/C161690/BM02B-GHS-TBT(LF)(SN).pdf,,,,
C163437,,,,,,,,,,,,../datasheets/C163437/RC0402JR-0762RL.pdf,,,,
C167883,,,,,,,,,,,,../datasheets/C167883/FNR4030S220MT.pdf,,,,
C1705,,,,,,,,,,,,../datasheets/C1705/CL10A475KP8NNNC.pdf,,,,
C17701055,,,,,,,,,,,,../datasheets/C17701055/AGM12N10AP.pdf,,,,
C1851993,,,,,,,,,,,,../datasheets/C1851993/CSTNE8M00G52A000R0.pdf,,,,
C189891,,,,,,,,,,,,../datasheets/C189891/BM05B-GHS-TBT(LF)(SN)(N).pdf,,,,
C19077592,,,,,,,,,,,,../datasheets/C19077592/SMBJ58CA.pdf,,,,
C20198121,,,,,,,,,https://datasheet.lcsc.com/datasheet/pdf/57d84db38a0df6dc0b15ff95535d9040.pdf?productCode=C20198121,,,../datasheets/C20198121/TPT481L1-DF6R.pdf,,,,METADATA_READY
C22355736,,,,,,,,,,,,../datasheets/C22355736/XL-1005UBC.pdf,,,,
C23829972,,,,,,,,,,,,../datasheets/C23829972/GRM188D72A105KE01D.pdf,,,,
C25503856,,,,,,,,,,,,../datasheets/C25503856/XL-1005UYC.pdf,,,,
C25744,,,,,,,,,,,,../datasheets/C25744/0402WGF1002TCE.pdf,,,,
C273722,,,,,,,,,,,,../datasheets/C273722/RC0402FR-07768KL.pdf,,,,
C274877,,,,,,,,,,,,../datasheets/C274877/RC0201FR-076K8L.pdf,,,,
C2803380,,,,,,,,,,,,../datasheets/C2803380/CL05Y105KP6VPNC.pdf,,,,
C2937625,,,,,,,,,,,,../datasheets/C2937625/PZ254V-11-03P.pdf,,,,
C3003063,,,,,,,,,,,,../datasheets/C3003063/AZ1117CH2-5.0TRG1.pdf,,,,
C30111221,,,,,,SOT-23-8_L2.9-W1.6-P0.65-LS2.8-BR,TCAN3413DDFR,,,,,../datasheets/C30111221/TCAN3413DDFR.pdf,,,,
C3039698,,,,,,,,,,,,../datasheets/C3039698/CL10B106MQ8NRNC.pdf,,,,
C307331,,,,,,,,,,,,../datasheets/C307331/CL05B104KB54PNC.pdf,,,,
C329936,,,,,,,,,,,,../datasheets/C329936/CGA4J1X7S1C106KT000N.pdf,,,,
C3655801,,,,,,,,,,,,../datasheets/C3655801/DRV8300DRGER.pdf,,,,
C3681371,,,,,,,,,,Rev1.0,2020-12,../datasheets/C3681371/MP6543HGL_Rev1.0.pdf,,,,METADATA_READY
C3743587,,,,,,,,,,,,../datasheets/C3743587/TLV74033PDBVR.pdf,,,,
C382253,,,,,,,,,,,,../datasheets/C382253/FM18X222K101PSG.pdf,,,,
C408972,,,,,,,,,,,,../datasheets/C408972/TLV74333PDBVR.pdf,,,,
C428721,,,,,,,,,,,,../datasheets/C428721/XT30UPB-M.pdf,,,,
C44209887,,,,,,,,,,,,../datasheets/C44209887/AP7375-33FDCW-7.pdf,,,,
C47023655,,,,,,,,,,,,../datasheets/C47023655/DRV8376HNLGR.pdf,,,,
C474825,,,,,,,,,,,,../datasheets/C474825/RC0201FR-0776K8L.pdf,,,,
C477928,,,,,,,,,,,,../datasheets/C477928/LM5164DDAR.pdf,,,,
C492420,,,,,,,,,,,,../datasheets/C492420/PZ254V-12-6P.pdf,,,,
C49257133,,,,,,VQFN-16_L3.0-W3.0-P0.50-TL-EP1.7,,,,Rev1.5,2021-03,../datasheets/C49257133/MT6701_Rev1.5_2021.03.pdf,,,,METADATA_READY
C5138889,,,,,,,,,,,,../datasheets/C5138889/GPCA101-0502A001C1AA.pdf,,,,
C5156756,,,,,,,,,,,,../datasheets/C5156756/FS32X106K101EGG.pdf,,,,
C52148452,,,,,,,,,,,,../datasheets/C52148452/SMF58CA.pdf,,,,
C521963,,,,,,,,,,,,../datasheets/C521963/SM712.pdf,,,,
C5224095,,,,,,,,,,,,../datasheets/C5224095/BZT52C13Q-7-F.pdf,,,,
C524586,,,,,,,,,,,,../datasheets/C524586/FXL0530-R10-M.pdf,,,,
C525226,,,,,,,,,,,,../datasheets/C525226/FN15X104K500PKG.pdf,,,,
C527014,,,,,,,,,,,,../datasheets/C527014/CC0402KRX7R0BB103.pdf,,,,
C52923,,,,,,,,,,,,../datasheets/C52923/CL05A105KA5NQNC.pdf,,,,
C534364,,,,,,,,,,,,../datasheets/C534364/BSC070N10NS5.pdf,,,,
C5381667,,,,,,,,,,,,../datasheets/C5381667/AP7347DQ-33FDZW-7.pdf,,,,
C54334395,,,,,,,,,,,,../datasheets/C54334395/GT-A0801WRS-108BBT01.pdf,,,,
C54582078,,,,,,,,,,,,../datasheets/C54582078/SLESD11LE5.0C.pdf,,,,
C561710,,,,,,,,,,,,../datasheets/C561710/FN03N100J500PLG.pdf,,,,
C576517,,,,,,,,,,,,../datasheets/C576517/GRM32EC72A106KE05L.pdf,,,,
C577211,,,,,,,,,,,,../datasheets/C577211/CC1206KKX7R0BB225.pdf,,,,
C57928,,,,,,,,,,,,../datasheets/C57928/SN65HVD75DR.pdf,,,,
C596322,,,,,,,,,,,,../datasheets/C596322/CC1206JKNPOZBN222.pdf,,,,
C60137,,,,,,,,,,,,../datasheets/C60137/CC0402JRNPO9BN470.pdf,,,,
C60490,,,,,,,,,,,,../datasheets/C60490/RC0402FR-0710KL.pdf,,,,
C60491,,,,,,,,,,,,../datasheets/C60491/RC0402FR-07100KL.pdf,,,,
C668346,,,,,,,,,,,,../datasheets/C668346/GRM033Z71C104KE14D.pdf,,,,
C720477,,,,,,,,,,,,../datasheets/C720477/TS-1088-AR02016.pdf,,,,
C723375,,,,,,,,,,,,../datasheets/C723375/PA2512FKF7T0R003E.pdf,,,,
C726882,,,,,,,,,,,,../datasheets/C726882/SMBJ58CA.pdf,,,,
C730413,,,,,,,,,,,,../datasheets/C730413/CL03C101JB3NNNC.pdf,,,,
C730422,,,,,,,,,,,,../datasheets/C730422/CL03Y104KO3NNNC.pdf,,,,
C7433196,MA735GGU-Z,MPS(芯源),"MA735 magnetic angle sensor, QFN-14 2x2mm","Magnetic Sensors/Angle, Linear Position Measuring",MA735GGU-Z,UTQFN-14_L2.0-W2.0-P0.40-TL,MA735GGU-Z,UTQFN-14(2x2),https://www.lcsc.com/datasheet/C7433196.pdf,,,../datasheets/C7433196/MA735GGU-Z.pdf,Active,https://www.lcsc.com/product-detail/C7433196.html,Identity and metadata recovered from the existing verified KiCad symbol.,METADATA_READY
C76584,,,,,,,,,,,,../datasheets/C76584/ACT45B-510-2P-TL003.pdf,,,,
C76884,,,,,,,,,,,,../datasheets/C76884/BLM15AG601SN1D.pdf,,,,
C76941,,,,,,,,,,,,../datasheets/C76941/GRM033R71A103KA01D.pdf,,,,
C77020,,,,,,,,,,,,../datasheets/C77020/GRM155R71H104KE14D.pdf,,,,
C77131,,,,,,,,,,,,../datasheets/C77131/NCP15XH103F03RC.pdf,,,,
C77623,,,,,,,,,,,,../datasheets/C77623/RC0201FR-07100RL.pdf,,,,
C78879,,,,,,,,,,,,../datasheets/C78879/LBAV99WT1G.pdf,,,,
C82868,,,,,,,,,,,,../datasheets/C82868/RC0402FR-0722KL.pdf,,,,
C851693,,,,,,,,,,,,../datasheets/C851693/RC0201DR-0726K1L.pdf,,,,
C894119,,,,,,,,,,,,../datasheets/C894119/NV24C08MUW3VLTBG.pdf,,,,
C93940,,,,,,,,,,,,../datasheets/C93940/RC0402FR-076K8L.pdf,,,,
C93942,,,,,,,,,,,,../datasheets/C93942/RC0402FR-0720KL.pdf,,,,
C965793,,,,,,,,,,,,../datasheets/C965793/XL-1005UGC.pdf,,,,
C9900009343,,,,,,,,,,,,../datasheets/C9900009343/iC-PVL.pdf,,,,
MANUAL-GD32F503REL7,,,,,,,,,,Rev0.9RC6,,../datasheets/MANUAL-GD32F503REL7/GD32F503xx_Datasheet_Rev0.9RC6.pdf,,,,METADATA_READY
