LCSC,MPN,Manufacturer,Description,Category,Symbol,Footprint,Value,Package,Datasheet,Model3D,Lifecycle,Source,SourceFootprint,LCSC_URL,Specifications,Notes,ReviewStatus,SourceBundles
C29936,CL10B105KA8NNNC,SAMSUNG(三星),1uF 25V X7R 0603 ceramic capacitor,Capacitors/Ceramic Capacitors,C_1uF_0603,C_0603_1608Metric,1uF,0603,https://atta.szlcsc.com/upload/public/pdf/source/20160218/1457707763339.pdf,,Active,LCSC,C0603,https://www.lcsc.com/product-detail/C29936.html,Package: 0603; Capacitance: 1uF; Voltage: 25V; Tolerance: 10%; Temperature Coefficient: X7R,EBOM BOM_QS01_GD32F503_V1.10; designators C11/C13/C21.,METADATA_READY,EBOM_V1.10
C561711,FN03N101J500PLG,PSA(信昌电陶),100pF 50V 5% 0201 ceramic capacitor,Capacitors/Ceramic Capacitors,C_100pF_0201,C_0201_0603Metric,100pF,0201,https://atta.szlcsc.com/upload/public/pdf/source/20241107/25D13BC56D84FBEC5B349398FCEBBC16.pdf,,Active,LCSC,C0201,https://www.lcsc.com/product-detail/C561711.html,Package: 0201; Capacitance: 100pF; Voltage: 50V; Tolerance: 5%,EBOM BOM_QS01_GD32F503_V1.10; designators C15/C16/C17/C20.,METADATA_READY,EBOM_V1.10
C694230,CGA4J1X7S1E106KT0Y0N,TDK,10uF 25V X7S 0805 ceramic capacitor,Capacitors/Ceramic Capacitors,C_10uF_0805,C_0805_2012Metric,10uF,0805,https://atta.szlcsc.com/upload/public/pdf/source/20200407/C342975_AB13C551805E4B495BBDB585D2C58CA0.pdf,,Active,LCSC,C0805,https://www.lcsc.com/product-detail/C694230.html,Package: 0805; Capacitance: 10uF; Voltage: 25V; Tolerance: 10%; Temperature Coefficient: X7S,EBOM BOM_QS01_GD32F503_V1.10; designator C18.,METADATA_READY,EBOM_V1.10
C445740,C1005X7S1A225KT000E,TDK,2.2uF 10V X7S 0402 ceramic capacitor,Capacitors/Ceramic Capacitors,C_2_2uF_0402,C_0402_1005Metric,2.2uF,0402,https://atta.szlcsc.com/upload/public/pdf/source/20191108/C445765_930F403C9F9F1C91FA65B6959DB97EFA.pdf,,Active,LCSC,C0402,https://www.lcsc.com/product-detail/C445740.html,Package: 0402; Capacitance: 2.2uF; Voltage: 10V; Tolerance: 10%; Temperature Coefficient: X7S,EBOM BOM_QS01_GD32F503_V1.10; designator C19.,METADATA_READY,EBOM_V1.10
C123805,SMF16CA,MDD(辰达半导体),16V 200W bidirectional TVS diode SOD-123FL,Circuit Protection/TVS Diodes,SMF16CA,D_SOD-123F,SMF16CA,SOD-123FL,https://atta.szlcsc.com/upload/public/pdf/source/20250911/A9E208B97C1B87827444A0C468124C54.pdf,,Active,LCSC,SOD-123FL,https://www.lcsc.com/product-detail/C123805.html,Package: SOD-123FL; Reverse Stand-Off Voltage: 16V; Peak Pulse Power: 200W; Polarity: Bidirectional,EBOM BOM_QS01_GD32F503_V1.10; designator D3.,METADATA_READY,EBOM_V1.10
C2925430,BM29B0.6-2DS/2-0.35V,HRS(广濑),4-pin 0.35mm pitch board-to-board connector,"Connectors/Headers, Male Pins",BM29B0.6-2DS_2-0.35V,BM29B0.6-2DS_2-0.35V,BM29B0.6-2DS/2-0.35V,"SMD,P=0.35mm",https://atta.szlcsc.com/upload/public/pdf/source/20211126/440829653A41B2C50D4B12C1CE909750.pdf,,Active,LCSC,"SMD,P=0.35mm",https://www.lcsc.com/product-detail/C2925430.html,Package: SMD; Pitch: 0.35mm; Pins: 4,EBOM BOM_QS01_GD32F503_V1.10; designator J2.,METADATA_READY,EBOM_V1.10
C327379,RC0201FR-078K06L,YAGEO(国巨),8.06k 1% 0201 chip resistor,Resistors/Chip Resistor - Surface Mount,R_8_06k_0201,R_0201_0603Metric,8.06k,0201,https://atta.szlcsc.com/upload/public/pdf/source/20250610/89E4D743C004A82A45145C7A2CC3A578.pdf,,Active,LCSC,R0201,https://www.lcsc.com/product-detail/C327379.html,Package: 0201; Resistance: 8.06k; Tolerance: 1%,EBOM BOM_QS01_GD32F503_V1.10; designators R6/R7/R8/R14/R15/R16.,METADATA_READY,EBOM_V1.10
C106224,RC0201FR-07100KL,YAGEO(国巨),100k 1% 0201 chip resistor,Resistors/Chip Resistor - Surface Mount,R_100k_0201,R_0201_0603Metric,100k,0201,https://atta.szlcsc.com/upload/public/pdf/source/20250610/89E4D743C004A82A45145C7A2CC3A578.pdf,,Active,LCSC,R0201,https://www.lcsc.com/product-detail/C106224.html,Package: 0201; Resistance: 100k; Tolerance: 1%,EBOM BOM_QS01_GD32F503_V1.10; designator R17.,METADATA_READY,EBOM_V1.10
C2913974,MT6701QT-STD,NOVOSENSE(纳芯微),"MT6701 QFN-16 magnetic angle sensor, standard variant","Magnetic Sensors/Angle, Linear Position Measuring",MT6701QT-STD_C2913974,VQFN-16_L3.0-W3.0-P0.50-TL-EP1.7,MT6701QT-STD,QFN-16-EP(3x3),https://atta.szlcsc.com/upload/public/pdf/source/20260616/FEB700C1922508565884FF0A90656B50.pdf,,Active,LCSC,QFN-16-EP(3x3),https://www.lcsc.com/product-detail/C2913974.html,Package: QFN-16(3x3); Supply: 3V~5.5V; Interface: SSI/ABZ/PWM,EBOM BOM_QS01_GD32F503_V1.10; designator U5.,METADATA_READY,EBOM_V1.10
