"Refs","Value","Footprint","Qty","DNP"
"C4","1uF","Capacitors:C_0603_1608Metric","1",""
"C5","100nF","Capacitors:C_0402_1005Metric","1",""
"C6","100nF","Capacitors:C_0402_1005Metric","1",""
"C7","10uF","Capacitors:C_0603_1608Metric","1",""
"C9","100nF","Capacitors:C_0402_1005Metric","1",""
"C10","100pF","Capacitors:C0201","1",""
"C11","100nF","Capacitors:C0201","1",""
"C12","1uF","Capacitors:C0402","1",""
"C13","100nF","Capacitors:C0201","1",""
"C19","1uF","Capacitors:C_0603_1608Metric","1",""
"C20","100nF","Capacitors:C_0402_1005Metric","1",""
"C21","10uF","Capacitors:C_0603_1608Metric","1",""
"C22","1uF","Capacitors:C0402","1",""
"C23","100nF","Capacitors:C_0402_1005Metric","1",""
"C24","100pF","Capacitors:C0201","1",""
"C25","100pF","Capacitors:C0201","1",""
"C26","100pF","Capacitors:C0201","1",""
"C27","100nF","Capacitors:C0201","1",""
"C28","100nF","Capacitors:C0201","1",""
"C29","100nF","Capacitors:C0201","1",""
"C30","100nF","Capacitors:C0201","1",""
"C31","100nF","Capacitors:C0201","1",""
"C32","100nF","Capacitors:C0201","1",""
"C33","10uF","Capacitors:C_0603_1608Metric","1",""
"C34","100nF","Capacitors:C0201","1",""
"C35","1uF","Capacitors:C0402","1",""
"C36","100nF","Capacitors:C0201","1",""
"D1","DE5VS06BA","Circuit Protection:D_0201_0603Metric","1",""
"D2","DE5VS06BA","Circuit Protection:D_0201_0603Metric","1",""
"D3","SMF16CA","Circuit Protection:D_SOD-123F","1",""
"FB1","600R","Filters:L_0402_1005Metric","1",""
"J1","SWD-1X3-1.0","Connector_PinHeader_1.00mm:PinHeader_1x03_P1.00mm_Vertical","1",""
"J2","SOLDER_HOLES_4P_0.5MM","LA150C_RDIVER_V1.00:Solder_Holes_4P_0.5mm","1",""
"J3","CON-1P-1.0mm*2.0mm-Rectangular","LA150C_RDIVER_V1.00:CON-1P-1.0mmx2.0mm-Rectangular","1",""
"J4","CON-1P-1.0mm*2.0mm-Rectangular","LA150C_RDIVER_V1.00:CON-1P-1.0mmx2.0mm-Rectangular","1",""
"J5","CON-1P-1.0mm*2.0mm-Rectangular","LA150C_RDIVER_V1.00:CON-1P-1.0mmx2.0mm-Rectangular","1",""
"R3","301K","","1",""
"R4","31.6K","Resistors:R_0201_0603Metric","1",""
"R5","10.2K","Resistors:R_0201_0603Metric","1",""
"R6","100K","Resistors:R0402","1",""
"R7","10K","Resistors:R0201","1",""
"R8","0R","Resistors:R0402","1",""
"R9","0R","Resistors:R0402","1",""
"R10","0R","Resistors:R0402","1",""
"R22","1K","Resistors:R0201","1",""
"R23","100R","Resistors:R_0201_0603Metric","1",""
"R24","100R","Resistors:R_0201_0603Metric","1",""
"R25","100R","Resistors:R_0201_0603Metric","1",""
"R26","8.06K","","1",""
"R27","8.06K","","1",""
"R28","8.06K","","1",""
"R29","8.06K","","1",""
"R30","8.06K","","1",""
"R31","8.06K","","1",""
"R32","6.8K","Resistors:R0201","1",""
"R33","10K","Resistors:R0201","1",""
"R34","10K","Resistors:R0201","1",""
"R35","10K","Resistors:R0201","1",""
"R36","10K","Resistors:R0201","1",""
"R37","10K","Resistors:R0201","1",""
"R38","10K","Resistors:R0201","1",""
"TH1","NCP15XH103F03RC","Sensors:R_0402_1005Metric","1",""
"U1","GD32F503REL7","Embedded Processors & Controllers:ucBGA-64_4x4mm_Layout8x8_P0.4mm","1",""
"U2","MT6701QT-STD","Magnetic Sensors:VQFN-16_L3.0-W3.0-P0.50-TL-EP1.7","1",""
"U3","TCAN3413DDFR","","1",""
"U4","MP6543HGL-Z","","1",""
"U5","SCT2230MLUAR","","1",""
"Y1","CSTNE8M00G52A000R0","Crystals, Oscillators, Resonators:CRYSTAL-SMD_3P-L3.2-W1.3-P1.2-BL-1","1",""
