LCSC,MPN,Manufacturer,Description,Category,Symbol,Footprint,Value,Package,Datasheet,Model3D,Lifecycle,Source,SourceFootprint,LCSC_URL,Specifications,Notes,ReviewStatus,SourceBundles
C100001,RC0603FR-0730KL,YAGEO,100mW 30kΩ 75V Thick Film Resistor ±100ppm/℃ ±1% 0603 Chip Resistor - Surface Mount RoHS,Resistors/Chip Resistor - Surface Mount,R_30kohm_0603,R_0603_1608Metric,30kΩ,0603,https://datasheet.lcsc.com/datasheet/pdf/b426be3ce22c6de3e0c3a2248e49159e.pdf?productCode=C100001,,Active,LCSC,R0603,https://www.lcsc.com/product-detail/C100001.html,Package: 0603; Power(Watts): 100mW; Resistance: 30kΩ; Voltage Rating: 75V; Operating Temperature: -55℃~+155℃; Type: Thick Film Resistor; Temperature Coefficient: ±100ppm/℃; Tolerance: ±1%,Designators: R3,METADATA_READY,X200T_ECU_B1_V1.0_20240809
C100044,RC0603FR-070RL,YAGEO,0Ω 100mW 75V Thick Film Resistor ±1% 0603 Chip Resistor - Surface Mount RoHS,Resistors/Chip Resistor - Surface Mount,R_0ohm_0603,R_0603_1608Metric,0Ω,0603,https://datasheet.lcsc.com/datasheet/pdf/b426be3ce22c6de3e0c3a2248e49159e.pdf?productCode=C100044,,Active,LCSC,贴片电阻,https://www.lcsc.com/product-detail/C100044.html,Package: 0603; Resistance: 0Ω; Power(Watts): 100mW; Voltage Rating: 75V; Operating Temperature: -55℃~+155℃; Type: Thick Film Resistor; Temperature Coefficient: -; Tolerance: ±1%,"Sources: BOM_PASTER_8984112A_Y182.xls; Designators: BOM_PASTER_8984112A_Y182.xls: R52,R53,R54,R55,R56",METADATA_READY,legacy_import
C105871,RC0402FR-074K7L,YAGEO,4.7kΩ ±1% 62.5mW 0402 Thick Film Resistor,Resistors/Chip Resistor - Surface Mount,R_4_7kohm_0402,R_0402_1005Metric,4.7kΩ,0402,https://datasheet.lcsc.com/datasheet/pdf/b426be3ce22c6de3e0c3a2248e49159e.pdf?productCode=C105871,,Active,LCSC,RC0402FR-074K7L,https://www.lcsc.com/product-detail/C105871.html,Package: 0402; Power(Watts): 62.5mW; Resistance: 4.7kΩ; Voltage Rating: 50V; Operating Temperature: -55℃~+155℃; Type: Thick Film Resistor; Temperature Coefficient: ±100ppm/℃; Tolerance: ±1%,"Sources: BOM_PASTER_8984112A_Y182.xls; Designators: BOM_PASTER_8984112A_Y182.xls: R37,R41,R45",METADATA_READY,X200T_ECU_B1_V1.0_20240809; legacy_import
C106225,RC0201FR-0710KL,YAGEO,50mW 10kΩ 25V Thick Film Resistor ±1% ±200ppm/℃ 0201 Chip Resistor - Surface Mount RoHS,Resistors/Chip Resistor - Surface Mount,R_10kohm_0201,ExternalDriver_RC0201FR-0710KL,10kΩ,0201,https://datasheet.lcsc.com/datasheet/pdf/b426be3ce22c6de3e0c3a2248e49159e.pdf?productCode=C106225,,Active,LCSC,RC0201FR-0710KL,https://www.lcsc.com/product-detail/C106225.html,Package: 0201; Power(Watts): 50mW; Resistance: 10kΩ; Voltage Rating: 25V; Operating Temperature: -55℃~+125℃; Type: Thick Film Resistor; Tolerance: ±1%; Temperature Coefficient: ±200ppm/℃,"Sources: BOM_PASTER_8984112A_Y182.xls, BOM_PASTER_8984112A_Y185.xls; Designators: BOM_PASTER_8984112A_Y182.xls: R2,R32,R33,R39,R49,R50,R51; BOM_PASTER_8984112A_Y185.xls: R2,R3,R4,R7,R9,R11",METADATA_READY,legacy_import
C106226,RC0201FR-0710RL,YAGEO,50mW 10Ω 25V Thick Film Resistor ±1% -100ppm/℃~+350ppm/℃ 0201 Chip Resistor - Surface Mount RoHS,Resistors/Chip Resistor - Surface Mount,R_10ohm_0201,ExternalDriver_RC0201FR-0710RL,10Ω,0201,https://datasheet.lcsc.com/datasheet/pdf/b426be3ce22c6de3e0c3a2248e49159e.pdf?productCode=C106226,,OutOfStock,LCSC,RC0201FR-0710RL,https://www.lcsc.com/product-detail/C106226.html,Package: 0201; Power(Watts): 50mW; Resistance: 10Ω; Voltage Rating: 25V; Operating Temperature: -55℃~+125℃; Type: Thick Film Resistor; Tolerance: ±1%; Temperature Coefficient: -100ppm/℃~+350ppm/℃,"Sources: BOM_PASTER_8984112A_Y182.xls, BOM_PASTER_8984112A_Y185.xls; Designators: BOM_PASTER_8984112A_Y182.xls: R21,R22; BOM_PASTER_8984112A_Y185.xls: R1,R10",METADATA_READY,legacy_import
C106227,RC0201FR-070RL,YAGEO,50mW 0Ω 25V Thick Film Resistor ±1% 0201 Chip Resistor - Surface Mount RoHS,Resistors/Chip Resistor - Surface Mount,R_0ohm_0201,ExternalDriver_RC0201FR-070RL,0Ω,0201,https://datasheet.lcsc.com/datasheet/pdf/b426be3ce22c6de3e0c3a2248e49159e.pdf?productCode=C106227,,Active,LCSC,RC0201FR-070RL,https://www.lcsc.com/product-detail/C106227.html,Package: 0201; Power(Watts): 50mW; Resistance: 0Ω; Voltage Rating: 25V; Operating Temperature: -55℃~+125℃; Type: Thick Film Resistor; Tolerance: ±1%; Temperature Coefficient: -,"Sources: BOM_PASTER_8984112A_Y182.xls, BOM_PASTER_8984112A_Y185.xls; Designators: BOM_PASTER_8984112A_Y182.xls: R8; BOM_PASTER_8984112A_Y185.xls: R12",METADATA_READY,legacy_import
C106231,RC0402FR-070RL,YAGEO,0Ω 62.5mW 50V Thick Film Resistor ±1% 0402 Chip Resistor - Surface Mount RoHS,Resistors/Chip Resistor - Surface Mount,R_0ohm_0402,R_0402_1005Metric,0Ω,0402,https://datasheet.lcsc.com/datasheet/pdf/b426be3ce22c6de3e0c3a2248e49159e.pdf?productCode=C106231,,Active,LCSC,贴片电阻,https://www.lcsc.com/product-detail/C106231.html,Package: 0402; Resistance: 0Ω; Power(Watts): 62.5mW; Voltage Rating: 50V; Operating Temperature: -55℃~+155℃; Type: Thick Film Resistor; Temperature Coefficient: -; Tolerance: ±1%,"Sources: BOM_PASTER_8984112A_Y182.xls; Designators: BOM_PASTER_8984112A_Y182.xls: R43,R57",METADATA_READY,X200T_ECU_B1_V1.0_20240809; legacy_import
C106235,RC0402FR-071KL,YAGEO,1kΩ 62.5mW 50V Thick Film Resistor ±100ppm/℃ ±1% 0402 Chip Resistor - Surface Mount RoHS,Resistors/Chip Resistor - Surface Mount,R_1kohm_0402,R_0402_1005Metric,1kΩ,0402,https://datasheet.lcsc.com/datasheet/pdf/b426be3ce22c6de3e0c3a2248e49159e.pdf?productCode=C106235,,Active,LCSC,RC0402FR-071KL,https://www.lcsc.com/product-detail/C106235.html,Package: 0402; Resistance: 1kΩ; Power(Watts): 62.5mW; Voltage Rating: 50V; Operating Temperature: -55℃~+155℃; Type: Thick Film Resistor; Temperature Coefficient: ±100ppm/℃; Tolerance: ±1%,"Sources: BOM_PASTER_8984112A_Y182.xls; Designators: BOM_PASTER_8984112A_Y182.xls: R5,R6,R7",METADATA_READY,X200T_ECU_B1_V1.0_20240809; legacy_import
C138031,RC0402FR-0720RL,YAGEO,20Ω 62.5mW 50V Thick Film Resistor ±100ppm/℃ ±1% 0402 Chip Resistor - Surface Mount RoHS,Resistors/Chip Resistor - Surface Mount,R_20ohm_0402,R_0402_1005Metric,20Ω,0402,https://datasheet.lcsc.com/datasheet/pdf/b426be3ce22c6de3e0c3a2248e49159e.pdf?productCode=C138031,,Active,LCSC,R0402,https://www.lcsc.com/product-detail/C138031.html,Package: 0402; Resistance: 20Ω; Power(Watts): 62.5mW; Voltage Rating: 50V; Operating Temperature: -55℃~+155℃; Type: Thick Film Resistor; Temperature Coefficient: ±100ppm/℃; Tolerance: ±1%,"Designators: R8, R9, R10, R19, R20, R21, R22, R23, R24, R26, R35, R36, R37, R47, R48, R49, R83, R86, R87, R88, R89, R90, R94, R95, R98, R100, R101",METADATA_READY,X200T_ECU_B1_V1.0_20240809
C138135,RC0201FR-074K7L,YAGEO,50mW 4.7kΩ 25V Thick Film Resistor ±1% ±200ppm/℃ 0201 Chip Resistor - Surface Mount RoHS,Resistors/Chip Resistor - Surface Mount,R_4_7kohm_0201,ExternalDriver_RC0201FR-074K7L,4.7kΩ,0201,https://datasheet.lcsc.com/datasheet/pdf/b426be3ce22c6de3e0c3a2248e49159e.pdf?productCode=C138135,,Active,LCSC,RC0201FR-074K7L,https://www.lcsc.com/product-detail/C138135.html,Package: 0201; Power(Watts): 50mW; Resistance: 4.7kΩ; Voltage Rating: 25V; Operating Temperature: -55℃~+125℃; Type: Thick Film Resistor; Tolerance: ±1%; Temperature Coefficient: ±200ppm/℃,"Sources: BOM_PASTER_8984112A_Y182.xls, BOM_PASTER_8984112A_Y185.xls; Designators: BOM_PASTER_8984112A_Y182.xls: R20,R48; BOM_PASTER_8984112A_Y185.xls: R21",METADATA_READY,legacy_import
C138139,RC0201FR-0747KL,YAGEO,50mW 47kΩ 25V Thick Film Resistor ±1% ±200ppm/℃ 0201 Chip Resistor - Surface Mount RoHS,Resistors/Chip Resistor - Surface Mount,R_47kohm_0201,ExternalDriver_RC0201FR-0747KL,47kΩ,0201,https://datasheet.lcsc.com/datasheet/pdf/b426be3ce22c6de3e0c3a2248e49159e.pdf?productCode=C138139,,OutOfStock,LCSC,RC0201FR-0747KL,https://www.lcsc.com/product-detail/C138139.html,Package: 0201; Power(Watts): 50mW; Resistance: 47kΩ; Voltage Rating: 25V; Operating Temperature: -55℃~+125℃; Type: Thick Film Resistor; Tolerance: ±1%; Temperature Coefficient: ±200ppm/℃,"Sources: BOM_PASTER_8984112A_Y182.xls, BOM_PASTER_8984112A_Y185.xls; Designators: BOM_PASTER_8984112A_Y182.xls: R15,R18; BOM_PASTER_8984112A_Y185.xls: R8",METADATA_READY,legacy_import
C138165,RC0201FR-071KL,YAGEO,50mW 1kΩ 25V Thick Film Resistor ±1% ±200ppm/℃ 0201 Chip Resistor - Surface Mount RoHS,Resistors/Chip Resistor - Surface Mount,R_1kohm_0201,ExternalDriver_RC0201FR-071KL,1kΩ,0201,https://datasheet.lcsc.com/datasheet/pdf/b426be3ce22c6de3e0c3a2248e49159e.pdf?productCode=C138165,,Active,LCSC,RC0201FR-071KL,https://www.lcsc.com/product-detail/C138165.html,Package: 0201; Power(Watts): 50mW; Resistance: 1kΩ; Voltage Rating: 25V; Operating Temperature: -55℃~+125℃; Type: Thick Film Resistor; Tolerance: ±1%; Temperature Coefficient: ±200ppm/℃,"Sources: BOM_PASTER_8984112A_Y182.xls, BOM_PASTER_8984112A_Y185.xls, BOM_PASTER_8984112A_Y189.xls; Designators: BOM_PASTER_8984112A_Y182.xls: R35,R36; BOM_PASTER_8984112A_Y185.xls: R23; BOM_PASTER_8984112A_Y189.xls: R1",METADATA_READY,legacy_import
C144651,AC0603FR-074R7L,YAGEO,4.7Ω 100mW 75V Thick Film Resistor ±1% ±200ppm/℃ 0603 Chip Resistor - Surface Mount RoHS,Resistors/Chip Resistor - Surface Mount,R_4_7ohm_0603,R_0603_1608Metric,4.7Ω,0603,https://datasheet.lcsc.com/datasheet/pdf/3511efb0564cb1711d9237ab09d6e97b.pdf?productCode=C144651,,Active,LCSC,R0603,https://www.lcsc.com/product-detail/C144651.html,Package: 0603; Resistance: 4.7Ω; Power(Watts): 100mW; Voltage Rating: 75V; Operating Temperature: -55℃~+155℃; Type: Thick Film Resistor; Tolerance: ±1%; Temperature Coefficient: ±200ppm/℃,"Designators: R32, R33, R34, R44, R45, R46",METADATA_READY,X200T_ECU_B1_V1.0_20240809
C14675,RC0603FR-07100KL,YAGEO,100mW 100kΩ 75V Thick Film Resistor ±100ppm/℃ ±1% 0603 Chip Resistor - Surface Mount RoHS,Resistors/Chip Resistor - Surface Mount,R_100kohm_0603,R_0603_1608Metric,100kΩ,0603,https://datasheet.lcsc.com/datasheet/pdf/b426be3ce22c6de3e0c3a2248e49159e.pdf?productCode=C14675,,Active,LCSC,R0603,https://www.lcsc.com/product-detail/C14675.html,Package: 0603; Power(Watts): 100mW; Resistance: 100kΩ; Voltage Rating: 75V; Operating Temperature: -55℃~+155℃; Type: Thick Film Resistor; Temperature Coefficient: ±100ppm/℃; Tolerance: ±1%,Designators: R68,METADATA_READY,X200T_ECU_B1_V1.0_20240809
C163437,RC0402JR-0762RL,YAGEO,62Ω 62.5mW 50V Thick Film Resistor ±100ppm/℃ ±5% 0402 Chip Resistor - Surface Mount RoHS,Resistors/Chip Resistor - Surface Mount,R_62ohm_0402,R_0402_1005Metric,62Ω,0402,https://datasheet.lcsc.com/datasheet/pdf/b426be3ce22c6de3e0c3a2248e49159e.pdf?productCode=C163437,,Active,LCSC,R0402,https://www.lcsc.com/product-detail/C163437.html,Package: 0402; Resistance: 62Ω; Power(Watts): 62.5mW; Voltage Rating: 50V; Operating Temperature: -55℃~+155℃; Type: Thick Film Resistor; Temperature Coefficient: ±100ppm/℃; Tolerance: ±5%,"Designators: R13, R14, R96, R97",METADATA_READY,X200T_ECU_B1_V1.0_20240809
C25744,0402WGF1002TCE,UNI-ROYAL,10kΩ ±1% 62.5mW Thick Film Resistor,Resistors/Chip Resistor - Surface Mount,,,10kΩ,0402,https://atta.szlcsc.com/upload/public/pdf/source/20200306/C422600_1E6D84923E4A46A82E41ADD87F860B5C.pdf,,Active,LCSC,0402-10K-1%,https://item.szlcsc.com/26487.html,Package: 0402; Resistance: 10kΩ; Tolerance: ±1%; Power: 62.5mW,"Designators: Y43-R3,R4,R5,R6,R7; Z300BL-R3,R4,R5,R6,R7",METADATA_READY,Y43
C273722,RC0402FR-07768KL,YAGEO,768kΩ 62.5mW 50V Thick Film Resistor ±100ppm/℃ ±1% 0402 Chip Resistor - Surface Mount RoHS,Resistors/Chip Resistor - Surface Mount,R_768kohm_0402,R_0402_1005Metric,768kΩ,0402,https://datasheet.lcsc.com/datasheet/pdf/b426be3ce22c6de3e0c3a2248e49159e.pdf?productCode=C273722,,Active,LCSC,R0402,https://www.lcsc.com/product-detail/C273722.html,Package: 0402; Resistance: 768kΩ; Power(Watts): 62.5mW; Voltage Rating: 50V; Operating Temperature: -55℃~+155℃; Type: Thick Film Resistor; Temperature Coefficient: ±100ppm/℃; Tolerance: ±1%,Designators: R2,METADATA_READY,X200T_ECU_B1_V1.0_20240809
C274877,RC0201FR-076K8L,YAGEO,50mW 6.8kΩ 25V Thick Film Resistor ±1% ±200ppm/℃ 0201 Chip Resistor - Surface Mount RoHS,Resistors/Chip Resistor - Surface Mount,R_6_8kohm_0201,ExternalDriver_RC0201FR-076K8L,6.8kΩ,0201,https://datasheet.lcsc.com/datasheet/pdf/b426be3ce22c6de3e0c3a2248e49159e.pdf?productCode=C274877,,Active,LCSC,RC0201FR-076K8L,https://www.lcsc.com/product-detail/C274877.html,Package: 0201; Power(Watts): 50mW; Resistance: 6.8kΩ; Voltage Rating: 25V; Operating Temperature: -55℃~+125℃; Type: Thick Film Resistor; Tolerance: ±1%; Temperature Coefficient: ±200ppm/℃,"Sources: BOM_PASTER_8984112A_Y182.xls, BOM_PASTER_8984112A_Y185.xls; Designators: BOM_PASTER_8984112A_Y182.xls: R13,R47; BOM_PASTER_8984112A_Y185.xls: R17",METADATA_READY,legacy_import
C474825,RC0201FR-0776K8L,YAGEO,50mW 76.8kΩ 25V Thick Film Resistor ±1% ±200ppm/℃ 0201 Chip Resistor - Surface Mount RoHS,Resistors/Chip Resistor - Surface Mount,R_76_8kohm_0201,ExternalDriver_RC0201FR-0776K8L,76.8kΩ,0201,https://datasheet.lcsc.com/datasheet/pdf/b426be3ce22c6de3e0c3a2248e49159e.pdf?productCode=C474825,,OutOfStock,LCSC,RC0201FR-0776K8L,https://www.lcsc.com/product-detail/C474825.html,Package: 0201; Power(Watts): 50mW; Resistance: 76.8kΩ; Voltage Rating: 25V; Operating Temperature: -55℃~+125℃; Type: Thick Film Resistor; Tolerance: ±1%; Temperature Coefficient: ±200ppm/℃,Sources: BOM_PASTER_8984112A_Y182.xls; Designators: BOM_PASTER_8984112A_Y182.xls: R17,METADATA_READY,legacy_import
C60490,RC0402FR-0710KL,YAGEO,62.5mW 10kΩ 50V Thick Film Resistor ±100ppm/℃ ±1% 0402 Chip Resistor - Surface Mount RoHS,Resistors/Chip Resistor - Surface Mount,R_10kohm_0402,R_0402_1005Metric,10kΩ,0402,https://datasheet.lcsc.com/datasheet/pdf/b426be3ce22c6de3e0c3a2248e49159e.pdf?productCode=C60490,,Active,LCSC,R0402,https://www.lcsc.com/product-detail/C60490.html,Package: 0402; Power(Watts): 62.5mW; Resistance: 10kΩ; Voltage Rating: 50V; Operating Temperature: -55℃~+155℃; Type: Thick Film Resistor; Temperature Coefficient: ±100ppm/℃; Tolerance: ±1%,"Designators: R7, R16, R17, R18, R27, R28, R29, R30, R59, R60, R61, R71, R72, R73, R77, R78, R91, R92, R93, R99",METADATA_READY,X200T_ECU_B1_V1.0_20240809
C60491,RC0402FR-07100KL,YAGEO,100kΩ 62.5mW 50V Thick Film Resistor ±100ppm/℃ ±1% 0402 Chip Resistor - Surface Mount RoHS,Resistors/Chip Resistor - Surface Mount,R_100kohm_0402,R_0402_1005Metric,100kΩ,0402,https://datasheet.lcsc.com/datasheet/pdf/b426be3ce22c6de3e0c3a2248e49159e.pdf?productCode=C60491,,Active,LCSC,RC0402FR-07100KL,https://www.lcsc.com/product-detail/C60491.html,Package: 0402; Resistance: 100kΩ; Power(Watts): 62.5mW; Voltage Rating: 50V; Operating Temperature: -55℃~+155℃; Type: Thick Film Resistor; Temperature Coefficient: ±100ppm/℃; Tolerance: ±1%,"Sources: BOM_PASTER_8984112A_Y182.xls, BOM_PASTER_8984112A_Y185.xls; Designators: BOM_PASTER_8984112A_Y182.xls: R14,R19; BOM_PASTER_8984112A_Y185.xls: R19",METADATA_READY,X200T_ECU_B1_V1.0_20240809; legacy_import
C723375,PA2512FKF7T0R003E,YAGEO,3mΩ ±1% 3W Current Sense Resistor,Resistors/Chip Resistor - Surface Mount,R_3mohm_2512,R_2512_6332Metric,3mΩ,2512,https://datasheet.lcsc.com/datasheet/pdf/5b6b15592a49e0e574b8071c20ab494b.pdf?productCode=C723375,,Active,LCSC,R2512,https://www.lcsc.com/product-detail/C723375.html,Package: 2512; Power(Watts): 3W; Resistance: 3mΩ; Voltage Rating: -; Type: Current Sense Resistor; Temperature Coefficient: ±100ppm/℃; Tolerance: ±1%,"Designators: R62, R63, R64",METADATA_READY,X200T_ECU_B1_V1.0_20240809
C77623,RC0201FR-07100RL,YAGEO,50mW 100Ω 25V Thick Film Resistor ±1% ±200ppm/℃ 0201 Chip Resistor - Surface Mount RoHS,Resistors/Chip Resistor - Surface Mount,R_100ohm_0201,ExternalDriver_RC0201FR-07100RL,100Ω,0201,https://datasheet.lcsc.com/datasheet/pdf/b426be3ce22c6de3e0c3a2248e49159e.pdf?productCode=C77623,,Active,LCSC,RC0201FR-07100RL,https://www.lcsc.com/product-detail/C77623.html,Package: 0201; Power(Watts): 50mW; Resistance: 100Ω; Voltage Rating: 25V; Operating Temperature: -55℃~+125℃; Type: Thick Film Resistor; Tolerance: ±1%; Temperature Coefficient: ±200ppm/℃,"Sources: BOM_PASTER_8984112A_Y182.xls, BOM_PASTER_8984112A_Y185.xls, BOM_PASTER_8984112A_Y189.xls; Designators: BOM_PASTER_8984112A_Y182.xls: R9,R10,R11,R23,R24,R25,R26,R27,R28,R29,R30,R31,R34,R38,R40,R42; BOM_PASTER_8984112A_Y185.xls: R5,R6,R13,R14,R15; BOM_PASTER_8984112A_Y189.xls: R3",METADATA_READY,legacy_import
C82868,RC0402FR-0722KL,YAGEO,62.5mW 22kΩ 50V Thick Film Resistor ±100ppm/℃ ±1% 0402 Chip Resistor - Surface Mount RoHS,Resistors/Chip Resistor - Surface Mount,R_22kohm_0402,R_0402_1005Metric,22kΩ,0402,https://datasheet.lcsc.com/datasheet/pdf/b426be3ce22c6de3e0c3a2248e49159e.pdf?productCode=C82868,,Active,LCSC,RC0402FR-0722KL,https://www.lcsc.com/product-detail/C82868.html,Package: 0402; Power(Watts): 62.5mW; Resistance: 22kΩ; Voltage Rating: 50V; Operating Temperature: -55℃~+155℃; Type: Thick Film Resistor; Temperature Coefficient: ±100ppm/℃; Tolerance: ±1%,"Sources: BOM_PASTER_8984112A_Y182.xls; Designators: BOM_PASTER_8984112A_Y182.xls: R1,R3,R4",METADATA_READY,X200T_ECU_B1_V1.0_20240809; legacy_import
C851693,RC0201DR-0726K1L,YAGEO,26.1kΩ 50mW 25V Thick Film Resistor ±0.5% ±200ppm/℃ 0201 Chip Resistor - Surface Mount RoHS,Resistors/Chip Resistor - Surface Mount,R_26_1kohm_0201,ExternalDriver_RC0201DR-0726K1L,26.1kΩ,0201,https://datasheet.lcsc.com/datasheet/pdf/b426be3ce22c6de3e0c3a2248e49159e.pdf?productCode=C851693,,Active,LCSC,RC0201DR-0726K1L,https://www.lcsc.com/product-detail/C851693.html,Package: 0201; Resistance: 26.1kΩ; Power(Watts): 50mW; Voltage Rating: 25V; Operating Temperature: -55℃~+125℃; Type: Thick Film Resistor; Tolerance: ±0.5%; Temperature Coefficient: ±200ppm/℃,Sources: BOM_PASTER_8984112A_Y182.xls; Designators: BOM_PASTER_8984112A_Y182.xls: R16,METADATA_READY,legacy_import
C93940,RC0402FR-076K8L,YAGEO,62.5mW 6.8kΩ 50V Thick Film Resistor ±100ppm/℃ ±1% 0402 Chip Resistor - Surface Mount RoHS,Resistors/Chip Resistor - Surface Mount,R_6_8kohm_0402,R_0402_1005Metric,6.8kΩ,0402,https://datasheet.lcsc.com/datasheet/pdf/b426be3ce22c6de3e0c3a2248e49159e.pdf?productCode=C93940,,Active,LCSC,R0402,https://www.lcsc.com/product-detail/C93940.html,Package: 0402; Power(Watts): 62.5mW; Resistance: 6.8kΩ; Voltage Rating: 50V; Operating Temperature: -55℃~+155℃; Type: Thick Film Resistor; Temperature Coefficient: ±100ppm/℃; Tolerance: ±1%,"Designators: R76, R79, R80",METADATA_READY,X200T_ECU_B1_V1.0_20240809
C93942,RC0402FR-0720KL,YAGEO,20kΩ 62.5mW 50V Thick Film Resistor ±100ppm/℃ ±1% 0402 Chip Resistor - Surface Mount RoHS,Resistors/Chip Resistor - Surface Mount,R_20kohm_0402,R_0402_1005Metric,20kΩ,0402,https://datasheet.lcsc.com/datasheet/pdf/b426be3ce22c6de3e0c3a2248e49159e.pdf?productCode=C93942,,Active,LCSC,R0402,https://www.lcsc.com/product-detail/C93942.html,Package: 0402; Resistance: 20kΩ; Power(Watts): 62.5mW; Voltage Rating: 50V; Operating Temperature: -55℃~+155℃; Type: Thick Film Resistor; Temperature Coefficient: ±100ppm/℃; Tolerance: ±1%,Designators: R75,METADATA_READY,X200T_ECU_B1_V1.0_20240809
