LCSC,MPN,Manufacturer,Description,Category,Symbol,Footprint,Value,Package,Datasheet,Model3D,Lifecycle,Source,SourceFootprint,LCSC_URL,Specifications,Notes,ReviewStatus
C100044,,,Imported from legacy JLC paste BOM,,,,9990000055668,贴片电阻,,,Unknown,LCSC,贴片电阻,https://www.lcsc.com/product-detail/C100044.html,,"Sources: BOM_PASTER_8984112A_Y182.xls; Designators: BOM_PASTER_8984112A_Y182.xls: R52,R53,R54,R55,R56",PENDING_ENRICHMENT
C105871,,,Imported from legacy JLC paste BOM,,,,0402-4.7K-1%,RC0402FR-074K7L,,,Unknown,LCSC,RC0402FR-074K7L,https://www.lcsc.com/product-detail/C105871.html,,"Sources: BOM_PASTER_8984112A_Y182.xls; Designators: BOM_PASTER_8984112A_Y182.xls: R37,R41,R45",PENDING_ENRICHMENT
C106225,,,Imported from legacy JLC paste BOM,,,,0201-10K-1%,RC0201FR-0710KL,,,Unknown,LCSC,RC0201FR-0710KL,https://www.lcsc.com/product-detail/C106225.html,,"Sources: BOM_PASTER_8984112A_Y182.xls, BOM_PASTER_8984112A_Y185.xls; Designators: BOM_PASTER_8984112A_Y182.xls: R2,R32,R33,R39,R49,R50,R51; BOM_PASTER_8984112A_Y185.xls: R2,R3,R4,R7,R9,R11",PENDING_ENRICHMENT
C106226,,,Imported from legacy JLC paste BOM,,,,0201-10Ω-1%,RC0201FR-0710RL,,,Unknown,LCSC,RC0201FR-0710RL,https://www.lcsc.com/product-detail/C106226.html,,"Sources: BOM_PASTER_8984112A_Y182.xls, BOM_PASTER_8984112A_Y185.xls; Designators: BOM_PASTER_8984112A_Y182.xls: R21,R22; BOM_PASTER_8984112A_Y185.xls: R1,R10",PENDING_ENRICHMENT
C106227,,,Imported from legacy JLC paste BOM,,,,0201-0Ω-1%,RC0201FR-070RL,,,Unknown,LCSC,RC0201FR-070RL,https://www.lcsc.com/product-detail/C106227.html,,"Sources: BOM_PASTER_8984112A_Y182.xls, BOM_PASTER_8984112A_Y185.xls; Designators: BOM_PASTER_8984112A_Y182.xls: R8; BOM_PASTER_8984112A_Y185.xls: R12",PENDING_ENRICHMENT
C106231,,,Imported from legacy JLC paste BOM,,,,9990000051457,贴片电阻,,,Unknown,LCSC,贴片电阻,https://www.lcsc.com/product-detail/C106231.html,,"Sources: BOM_PASTER_8984112A_Y182.xls; Designators: BOM_PASTER_8984112A_Y182.xls: R43,R57",PENDING_ENRICHMENT
C106235,,,Imported from legacy JLC paste BOM,,,,0402-1K-1%,RC0402FR-071KL,,,Unknown,LCSC,RC0402FR-071KL,https://www.lcsc.com/product-detail/C106235.html,,"Sources: BOM_PASTER_8984112A_Y182.xls; Designators: BOM_PASTER_8984112A_Y182.xls: R5,R6,R7",PENDING_ENRICHMENT
C110696,,,Imported from legacy JLC paste BOM,,,,9990000056296,贴片ESD管,,,Unknown,LCSC,贴片ESD管,https://www.lcsc.com/product-detail/C110696.html,,"Sources: BOM_PASTER_8984112A_Y182.xls; Designators: BOM_PASTER_8984112A_Y182.xls: D8,D9,D10,D11,D12,D13,D14,D15,D16,D17,D18,D19",PENDING_ENRICHMENT
C138135,,,Imported from legacy JLC paste BOM,,,,0201-4.7K-1%,RC0201FR-074K7L,,,Unknown,LCSC,RC0201FR-074K7L,https://www.lcsc.com/product-detail/C138135.html,,"Sources: BOM_PASTER_8984112A_Y182.xls, BOM_PASTER_8984112A_Y185.xls; Designators: BOM_PASTER_8984112A_Y182.xls: R20,R48; BOM_PASTER_8984112A_Y185.xls: R21",PENDING_ENRICHMENT
C138139,,,Imported from legacy JLC paste BOM,,,,0201-47K-1%,RC0201FR-0747KL,,,Unknown,LCSC,RC0201FR-0747KL,https://www.lcsc.com/product-detail/C138139.html,,"Sources: BOM_PASTER_8984112A_Y182.xls, BOM_PASTER_8984112A_Y185.xls; Designators: BOM_PASTER_8984112A_Y182.xls: R15,R18; BOM_PASTER_8984112A_Y185.xls: R8",PENDING_ENRICHMENT
C138165,,,Imported from legacy JLC paste BOM,,,,0201-1K-1%,RC0201FR-071KL,,,Unknown,LCSC,RC0201FR-071KL,https://www.lcsc.com/product-detail/C138165.html,,"Sources: BOM_PASTER_8984112A_Y182.xls, BOM_PASTER_8984112A_Y185.xls, BOM_PASTER_8984112A_Y189.xls; Designators: BOM_PASTER_8984112A_Y182.xls: R35,R36; BOM_PASTER_8984112A_Y185.xls: R23; BOM_PASTER_8984112A_Y189.xls: R1",PENDING_ENRICHMENT
C15725,,,Imported from legacy JLC paste BOM,,,,0603-100nF-100V-10%,0603-100nF-100V-10%,,,Unknown,LCSC,0603-100nF-100V-10%,https://www.lcsc.com/product-detail/C15725.html,,"Sources: BOM_PASTER_8984112A_Y182.xls; Designators: BOM_PASTER_8984112A_Y182.xls: C7,C15,C23",PENDING_ENRICHMENT
C15771,,,Imported from legacy JLC paste BOM,,,,9980000554037,贴片ESD管,,,Unknown,LCSC,贴片ESD管,https://www.lcsc.com/product-detail/C15771.html,,"Sources: BOM_PASTER_8984112A_Y182.xls; Designators: BOM_PASTER_8984112A_Y182.xls: D6,D7",PENDING_ENRICHMENT
C160407,,,Imported from legacy JLC paste BOM,,,,9990000051498,接插件,,,Unknown,LCSC,接插件,https://www.lcsc.com/product-detail/C160407.html,,Sources: BOM_PASTER_8984112A_Y182.xls; Designators: BOM_PASTER_8984112A_Y182.xls: J10,PENDING_ENRICHMENT
C161690,,,Imported from legacy JLC paste BOM,,,,58,接插件,,,Unknown,LCSC,接插件,https://www.lcsc.com/product-detail/C161690.html,,"Sources: BOM_PASTER_8984112A_Y182.xls; Designators: BOM_PASTER_8984112A_Y182.xls: J4,J5,J6,J7",PENDING_ENRICHMENT
C1705,,,Imported from legacy JLC paste BOM,,,,0603-4.7uF-10V-10%,0603-4.7uF-10V-10%,,,Unknown,LCSC,0603-4.7uF-10V-10%,https://www.lcsc.com/product-detail/C1705.html,,Sources: BOM_PASTER_8984112A_Y182.xls; Designators: BOM_PASTER_8984112A_Y182.xls: C51,PENDING_ENRICHMENT
C17701055,,,Imported from legacy JLC paste BOM,,,,9980000531173,NMOS管,,,Unknown,LCSC,NMOS管,https://www.lcsc.com/product-detail/C17701055.html,,Sources: BOM_PASTER_8984112A_Y182.xls; Designators: BOM_PASTER_8984112A_Y182.xls: MOS1,PENDING_ENRICHMENT
C1851993,,,Imported from legacy JLC paste BOM,,,,9990000052803,贴片晶振,,,Unknown,LCSC,贴片晶振,https://www.lcsc.com/product-detail/C1851993.html,,Sources: BOM_PASTER_8984112A_Y182.xls; Designators: BOM_PASTER_8984112A_Y182.xls: Y1,PENDING_ENRICHMENT
C19077592,,,Imported from legacy JLC paste BOM,,,,9990000053188,贴片TVS管,,,Unknown,LCSC,贴片TVS管,https://www.lcsc.com/product-detail/C19077592.html,,Sources: BOM_PASTER_8984112A_Y182.xls; Designators: BOM_PASTER_8984112A_Y182.xls: D4,PENDING_ENRICHMENT
C20198121,,,Imported from legacy JLC paste BOM,,,,暂无料号10,RS485收发器,,,Unknown,LCSC,RS485收发器,https://www.lcsc.com/product-detail/C20198121.html,,"Sources: BOM_PASTER_8984112A_Y182.xls, BOM_PASTER_8984112A_Y185.xls; Designators: BOM_PASTER_8984112A_Y182.xls: U5; BOM_PASTER_8984112A_Y185.xls: U1",PENDING_ENRICHMENT
C22355736,,,Imported from legacy JLC paste BOM,,,,XL-1005UBC,0402,,,Unknown,LCSC,0402,https://www.lcsc.com/product-detail/C22355736.html,,Sources: BOM_PASTER_8984112A_Y182.xls; Designators: BOM_PASTER_8984112A_Y182.xls: LED4,PENDING_ENRICHMENT
C23829972,,,Imported from legacy JLC paste BOM,,,,0603-1uF-100V-10%,0603-1uF-100V-10%,,,Unknown,LCSC,0603-1uF-100V-10%,https://www.lcsc.com/product-detail/C23829972.html,,"Sources: BOM_PASTER_8984112A_Y185.xls; Designators: BOM_PASTER_8984112A_Y185.xls: C15,C16",PENDING_ENRICHMENT
C25503856,,,Imported from legacy JLC paste BOM,,,,91,LED,,,Unknown,LCSC,LED,https://www.lcsc.com/product-detail/C25503856.html,,Sources: BOM_PASTER_8984112A_Y182.xls; Designators: BOM_PASTER_8984112A_Y182.xls: LED2,PENDING_ENRICHMENT
C274877,,,Imported from legacy JLC paste BOM,,,,0201-6.8K-1%,RC0201FR-076K8L,,,Unknown,LCSC,RC0201FR-076K8L,https://www.lcsc.com/product-detail/C274877.html,,"Sources: BOM_PASTER_8984112A_Y182.xls, BOM_PASTER_8984112A_Y185.xls; Designators: BOM_PASTER_8984112A_Y182.xls: R13,R47; BOM_PASTER_8984112A_Y185.xls: R17",PENDING_ENRICHMENT
C2803380,,,Imported from legacy JLC paste BOM,,,,0402-1uF-10V-10%,0402-1uF-10V-10%,,,Unknown,LCSC,0402-1uF-10V-10%,https://www.lcsc.com/product-detail/C2803380.html,,"Sources: BOM_PASTER_8984112A_Y182.xls, BOM_PASTER_8984112A_Y185.xls, BOM_PASTER_8984112A_Y189.xls; Designators: BOM_PASTER_8984112A_Y182.xls: C2,C25,C28,C53; BOM_PASTER_8984112A_Y185.xls: C8,C11,C13,C17,C25,C26; BOM_PASTER_8984112A_Y189.xls: C2",PENDING_ENRICHMENT
C2937625,,,Imported from legacy JLC paste BOM,,,,10,烧录口,,,Unknown,LCSC,烧录口,https://www.lcsc.com/product-detail/C2937625.html,,Sources: BOM_PASTER_8984112A_Y182.xls; Designators: BOM_PASTER_8984112A_Y182.xls: J3,PENDING_ENRICHMENT
C30111221,,,Imported from legacy JLC paste BOM,,,,9990000051466,CAN收发器,,,Unknown,LCSC,CAN收发器,https://www.lcsc.com/product-detail/C30111221.html,,Sources: BOM_PASTER_8984112A_Y182.xls; Designators: BOM_PASTER_8984112A_Y182.xls: U4,PENDING_ENRICHMENT
C3039698,,,Imported from legacy JLC paste BOM,,,,0603-10uF-6.3V-20%,0603-10uF-6.3V-20%,,,Unknown,LCSC,0603-10uF-6.3V-20%,https://www.lcsc.com/product-detail/C3039698.html,,Sources: BOM_PASTER_8984112A_Y182.xls; Designators: BOM_PASTER_8984112A_Y182.xls: C20,PENDING_ENRICHMENT
C382253,,,Imported from legacy JLC paste BOM,,,,0603-2.2nF-100V-10%,0603-2.2nF-100V-10%,,,Unknown,LCSC,0603-2.2nF-100V-10%,https://www.lcsc.com/product-detail/C382253.html,,"Sources: BOM_PASTER_8984112A_Y182.xls; Designators: BOM_PASTER_8984112A_Y182.xls: C61,C62,C63",PENDING_ENRICHMENT
C408972,,,Imported from legacy JLC paste BOM,,,,9990000051470,LDO,,,Unknown,LCSC,LDO,https://www.lcsc.com/product-detail/C408972.html,,Sources: BOM_PASTER_8984112A_Y182.xls; Designators: BOM_PASTER_8984112A_Y182.xls: U3,PENDING_ENRICHMENT
C428721,,,Imported from legacy JLC paste BOM,,,,9990000051495,插头,,,Unknown,LCSC,插头,https://www.lcsc.com/product-detail/C428721.html,,"Sources: BOM_PASTER_8984112A_Y182.xls; Designators: BOM_PASTER_8984112A_Y182.xls: J1,J2",PENDING_ENRICHMENT
C44209887,,,Imported from legacy JLC paste BOM,,,,9990000056331,LDO,,,Unknown,LCSC,LDO,https://www.lcsc.com/product-detail/C44209887.html,,Sources: BOM_PASTER_8984112A_Y185.xls; Designators: BOM_PASTER_8984112A_Y185.xls: U4,PENDING_ENRICHMENT
C47023655,,,Imported from legacy JLC paste BOM,,,,9980000556404,电机驱动芯片,,,Unknown,LCSC,电机驱动芯片,https://www.lcsc.com/product-detail/C47023655.html,,"Sources: BOM_PASTER_8984112A_Y182.xls, BOM_PASTER_8984112A_Y185.xls; Designators: BOM_PASTER_8984112A_Y182.xls: U1; BOM_PASTER_8984112A_Y185.xls: U3",PENDING_ENRICHMENT
C474825,,,Imported from legacy JLC paste BOM,,,,0201-76.8K-1%,RC0201FR-0776K8L,,,Unknown,LCSC,RC0201FR-0776K8L,https://www.lcsc.com/product-detail/C474825.html,,Sources: BOM_PASTER_8984112A_Y182.xls; Designators: BOM_PASTER_8984112A_Y182.xls: R17,PENDING_ENRICHMENT
C492420,,,Imported from legacy JLC paste BOM,,,,12,6PIN烧录孔,,,Unknown,LCSC,6PIN烧录孔,https://www.lcsc.com/product-detail/C492420.html,,Sources: BOM_PASTER_8984112A_Y182.xls; Designators: BOM_PASTER_8984112A_Y182.xls: J8,PENDING_ENRICHMENT
C49257133,,,Imported from legacy JLC paste BOM,,,,暂无料号25,QFN-16/3~5V,,,Unknown,LCSC,QFN-16/3~5V,https://www.lcsc.com/product-detail/C49257133.html,,Sources: BOM_PASTER_8984112A_Y189.xls; Designators: BOM_PASTER_8984112A_Y189.xls: U1,PENDING_ENRICHMENT
C5138889,,,Imported from legacy JLC paste BOM,,,,GPCA101-0502A,插件,,,Unknown,LCSC,插件,https://www.lcsc.com/product-detail/C5138889.html,,Sources: BOM_PASTER_8984112A_Y182.xls; Designators: BOM_PASTER_8984112A_Y182.xls: J11,PENDING_ENRICHMENT
C5156756,,,Imported from legacy JLC paste BOM,,,,1210-10uF-100V-10%,1210-10uF-100V-10%,,,Unknown,LCSC,1210-10uF-100V-10%,https://www.lcsc.com/product-detail/C5156756.html,,"Sources: BOM_PASTER_8984112A_Y182.xls; Designators: BOM_PASTER_8984112A_Y182.xls: C8,C16,C17,C22",PENDING_ENRICHMENT
C52148452,,,Imported from legacy JLC paste BOM,,,,9990000052691,贴片TVS管,,,Unknown,LCSC,贴片TVS管,https://www.lcsc.com/product-detail/C52148452.html,,Sources: BOM_PASTER_8984112A_Y185.xls; Designators: BOM_PASTER_8984112A_Y185.xls: D2,PENDING_ENRICHMENT
C5224095,,,Imported from legacy JLC paste BOM,,,,9990000053395,稳压二极管,,,Unknown,LCSC,稳压二极管,https://www.lcsc.com/product-detail/C5224095.html,,Sources: BOM_PASTER_8984112A_Y182.xls; Designators: BOM_PASTER_8984112A_Y182.xls: D5,PENDING_ENRICHMENT
C525226,,,Imported from legacy JLC paste BOM,,,,0402-100nF-50V-10%,0402-100nF-50V-10%,,,Unknown,LCSC,0402-100nF-50V-10%,https://www.lcsc.com/product-detail/C525226.html,,"Sources: BOM_PASTER_8984112A_Y182.xls, BOM_PASTER_8984112A_Y185.xls; Designators: BOM_PASTER_8984112A_Y182.xls: C19; BOM_PASTER_8984112A_Y185.xls: C5",PENDING_ENRICHMENT
C527014,,,Imported from legacy JLC paste BOM,,,,0402-10nF-50V-10%,CC0402KRX7R0BB103,,,Unknown,LCSC,CC0402KRX7R0BB103,https://www.lcsc.com/product-detail/C527014.html,,Sources: BOM_PASTER_8984112A_Y182.xls; Designators: BOM_PASTER_8984112A_Y182.xls: C52,PENDING_ENRICHMENT
C54318468,,,Imported from legacy JLC paste BOM,,,,9990000056678,MCU,,,Unknown,LCSC,MCU,https://www.lcsc.com/product-detail/C54318468.html,,"Sources: BOM_PASTER_8984112A_Y182.xls, BOM_PASTER_8984112A_Y185.xls; Designators: BOM_PASTER_8984112A_Y182.xls: U6; BOM_PASTER_8984112A_Y185.xls: U2",PENDING_ENRICHMENT
C54334395,,,Imported from legacy JLC paste BOM,,,,9990000051497,接插件,,,Unknown,LCSC,接插件,https://www.lcsc.com/product-detail/C54334395.html,,Sources: BOM_PASTER_8984112A_Y182.xls; Designators: BOM_PASTER_8984112A_Y182.xls: J9,PENDING_ENRICHMENT
C561710,,,Imported from legacy JLC paste BOM,,,,0201-10pF-50V-10%,0201-10pF-50V-10%,,,Unknown,LCSC,0201-10pF-50V-10%,https://www.lcsc.com/product-detail/C561710.html,,"Sources: BOM_PASTER_8984112A_Y182.xls; Designators: BOM_PASTER_8984112A_Y182.xls: C29,C32",PENDING_ENRICHMENT
C596322,,,Imported from legacy JLC paste BOM,,,,1206-2.2nF-630V-5%,CC1206JKNPOZBN222,,,Unknown,LCSC,CC1206JKNPOZBN222,https://www.lcsc.com/product-detail/C596322.html,,"Sources: BOM_PASTER_8984112A_Y182.xls; Designators: BOM_PASTER_8984112A_Y182.xls: C14,C18",PENDING_ENRICHMENT
C60491,,,Imported from legacy JLC paste BOM,,,,0402-100K-1%,RC0402FR-07100KL,,,Unknown,LCSC,RC0402FR-07100KL,https://www.lcsc.com/product-detail/C60491.html,,"Sources: BOM_PASTER_8984112A_Y182.xls, BOM_PASTER_8984112A_Y185.xls; Designators: BOM_PASTER_8984112A_Y182.xls: R14,R19; BOM_PASTER_8984112A_Y185.xls: R19",PENDING_ENRICHMENT
C668346,,,Imported from legacy JLC paste BOM,,,,0201-100nF-16V-10%,0201-100nF-16V-10%,,,Unknown,LCSC,0201-100nF-16V-10%,https://www.lcsc.com/product-detail/C668346.html,,"Sources: BOM_PASTER_8984112A_Y182.xls, BOM_PASTER_8984112A_Y185.xls, BOM_PASTER_8984112A_Y189.xls; Designators: BOM_PASTER_8984112A_Y182.xls: C1,C6,C12,C13,C21,C26,C27,C30,C31,C33,C34,C38,C46,C47,C48,C49,C50,C54,C55,C58,C59,C60; BOM_PASTER_8984112A_Y185.xls: C1,C2,C3,C4,C6,C7,C9,C12,C14,C21,C24; BOM_PASTER_8984112A_Y189.xls: C1",PENDING_ENRICHMENT
C720477,,,Imported from legacy JLC paste BOM,,,,TS-1088-AR02016,SMD,,,Unknown,LCSC,SMD,https://www.lcsc.com/product-detail/C720477.html,,Sources: BOM_PASTER_8984112A_Y182.xls; Designators: BOM_PASTER_8984112A_Y182.xls: K2; BOM_PASTER_8984112A_Y182.xls: K1; BOM_PASTER_8984112A_Y182.xls: K3,PENDING_ENRICHMENT
C730413,,,Imported from legacy JLC paste BOM,,,,0201-100pF-50V-5%,0201-100pF-50V-5%,,,Unknown,LCSC,0201-100pF-50V-5%,https://www.lcsc.com/product-detail/C730413.html,,"Sources: BOM_PASTER_8984112A_Y182.xls, BOM_PASTER_8984112A_Y185.xls; Designators: BOM_PASTER_8984112A_Y182.xls: C3,C4,C5,C9,C10,C11,C24,C35,C36,C37,C39,C40,C42,C43,C44,C45; BOM_PASTER_8984112A_Y185.xls: C18,C19,C20,C22",PENDING_ENRICHMENT
C7433196,,,Imported from legacy JLC paste BOM,,,,9990000053832,磁性角度传感器,,,Unknown,LCSC,磁性角度传感器,https://www.lcsc.com/product-detail/C7433196.html,,Sources: BOM_PASTER_8984112A_Y185.xls; Designators: BOM_PASTER_8984112A_Y185.xls: U5,PENDING_ENRICHMENT
C76884,,,Imported from legacy JLC paste BOM,,,,9990000051493,贴片磁珠,,,Unknown,LCSC,贴片磁珠,https://www.lcsc.com/product-detail/C76884.html,,"Sources: BOM_PASTER_8984112A_Y182.xls, BOM_PASTER_8984112A_Y185.xls; Designators: BOM_PASTER_8984112A_Y182.xls: L4; BOM_PASTER_8984112A_Y185.xls: L1",PENDING_ENRICHMENT
C76941,,,Imported from legacy JLC paste BOM,,,,0201-10nF-10V-10%,0201-10nF-10V-10%,,,Unknown,LCSC,0201-10nF-10V-10%,https://www.lcsc.com/product-detail/C76941.html,,Sources: BOM_PASTER_8984112A_Y185.xls; Designators: BOM_PASTER_8984112A_Y185.xls: C10,PENDING_ENRICHMENT
C77131,,,Imported from legacy JLC paste BOM,,,,0402-10K-1%,0402-10K-1%,,,Unknown,LCSC,0402-10K-1%,https://www.lcsc.com/product-detail/C77131.html,,"Sources: BOM_PASTER_8984112A_Y182.xls, BOM_PASTER_8984112A_Y185.xls; Designators: BOM_PASTER_8984112A_Y182.xls: R12; BOM_PASTER_8984112A_Y185.xls: R16",PENDING_ENRICHMENT
C77623,,,Imported from legacy JLC paste BOM,,,,0201-100R-1%,RC0201FR-07100RL,,,Unknown,LCSC,RC0201FR-07100RL,https://www.lcsc.com/product-detail/C77623.html,,"Sources: BOM_PASTER_8984112A_Y182.xls, BOM_PASTER_8984112A_Y185.xls, BOM_PASTER_8984112A_Y189.xls; Designators: BOM_PASTER_8984112A_Y182.xls: R9,R10,R11,R23,R24,R25,R26,R27,R28,R29,R30,R31,R34,R38,R40,R42; BOM_PASTER_8984112A_Y185.xls: R5,R6,R13,R14,R15; BOM_PASTER_8984112A_Y189.xls: R3",PENDING_ENRICHMENT
C78879,,,Imported from legacy JLC paste BOM,,,,9980000554040,贴片二极管,,,Unknown,LCSC,贴片二极管,https://www.lcsc.com/product-detail/C78879.html,,"Sources: BOM_PASTER_8984112A_Y182.xls; Designators: BOM_PASTER_8984112A_Y182.xls: D1,D2,D3",PENDING_ENRICHMENT
C82868,,,Imported from legacy JLC paste BOM,,,,0402-22K-1%,RC0402FR-0722KL,,,Unknown,LCSC,RC0402FR-0722KL,https://www.lcsc.com/product-detail/C82868.html,,"Sources: BOM_PASTER_8984112A_Y182.xls; Designators: BOM_PASTER_8984112A_Y182.xls: R1,R3,R4",PENDING_ENRICHMENT
C851693,,,Imported from legacy JLC paste BOM,,,,0201-26.1K-0.5%,RC0201DR-0726K1L,,,Unknown,LCSC,RC0201DR-0726K1L,https://www.lcsc.com/product-detail/C851693.html,,Sources: BOM_PASTER_8984112A_Y182.xls; Designators: BOM_PASTER_8984112A_Y182.xls: R16,PENDING_ENRICHMENT
C894119,,,Imported from legacy JLC paste BOM,,,,9990000051491,EEPROM,,,Unknown,LCSC,EEPROM,https://www.lcsc.com/product-detail/C894119.html,,Sources: BOM_PASTER_8984112A_Y182.xls; Designators: BOM_PASTER_8984112A_Y182.xls: U7,PENDING_ENRICHMENT
C965793,,,Imported from legacy JLC paste BOM,,,,XL-1005UGC,XL-1005UGC,,,Unknown,LCSC,XL-1005UGC,https://www.lcsc.com/product-detail/C965793.html,,"Sources: BOM_PASTER_8984112A_Y182.xls; Designators: BOM_PASTER_8984112A_Y182.xls: LED1,LED3",PENDING_ENRICHMENT
C9900198844,,,Imported from legacy JLC paste BOM,,,,9990000058441,SOD323-2L/5V/320W,,,Unknown,LCSC,SOD323-2L/5V/320W,https://www.lcsc.com/product-detail/C9900198844.html,,Sources: BOM_PASTER_8984112A_Y189.xls; Designators: BOM_PASTER_8984112A_Y189.xls: D1,PENDING_ENRICHMENT
C9900232088,,,Imported from legacy JLC paste BOM,,,,9980000556405,电源模块,,,Unknown,LCSC,电源模块,https://www.lcsc.com/product-detail/C9900232088.html,,Sources: BOM_PASTER_8984112A_Y182.xls; Designators: BOM_PASTER_8984112A_Y182.xls: U2,PENDING_ENRICHMENT
C9900301658,,,Imported from legacy JLC paste BOM,,,,9990000056296,贴片ESD管,,,Unknown,LCSC,贴片ESD管,https://www.lcsc.com/product-detail/C9900301658.html,,"Sources: BOM_PASTER_8984112A_Y185.xls, BOM_PASTER_8984112A_Y189.xls; Designators: BOM_PASTER_8984112A_Y185.xls: D1; BOM_PASTER_8984112A_Y189.xls: D2,D3,D4",PENDING_ENRICHMENT
C9900304380,,,Imported from legacy JLC paste BOM,,,,暂无料号43,PMOS管,,,Unknown,LCSC,PMOS管,https://www.lcsc.com/product-detail/C9900304380.html,,Sources: BOM_PASTER_8984112A_Y185.xls; Designators: BOM_PASTER_8984112A_Y185.xls: MOS1,PENDING_ENRICHMENT
