LCSC,MPN,Manufacturer,Description,Category,Symbol,Footprint,Value,Package,Datasheet,DatasheetRev,DatasheetDate,LocalDatasheet,Model3D,Lifecycle,Source,SourceFootprint,LCSC_URL,Specifications,Notes,ReviewStatus,SourceBundles
C106199,CC0402JRNPO9BN100,YAGEO,10pF ±5% 50V Ceramic Capacitor NP0 0402,Capacitors/Ceramic Capacitors,C_10pF_0402,C_0402_1005Metric,10pF,0402,https://datasheet.lcsc.com/datasheet/pdf/4eca2bb4b507f1633db47e922d632b95.pdf?productCode=C106199,,,../datasheets/C106199/CC0402JRNPO9BN100.pdf,,Active,LCSC,C0402,https://www.lcsc.com/product-detail/C106199.html,Package: 0402; Capacitance: 10pF; Temperature Coefficient: NP0; Tolerance: ±5%; Voltage Rating: 50V,"Designators: C27, C28, C29, C33, C37, C65, C66, C67, C68, C69, C70, C71, C73, C74, C75, C76, C86",METADATA_READY,X200T_ECU_B1_V1.0_20240809
C106858,CC0603KRX7R8BB105,YAGEO,1uF ±10% 25V Ceramic Capacitor X7R 0603,Capacitors/Ceramic Capacitors,C_1uF_0603,C_0603_1608Metric,1uF,0603,https://datasheet.lcsc.com/datasheet/pdf/23ccee80ee542e7cf156a772bb589942.pdf?productCode=C106858,,,../datasheets/C106858/CC0603KRX7R8BB105.pdf,,Active,LCSC,C0603,https://www.lcsc.com/product-detail/C106858.html,Package: 0603; Capacitance: 1uF; Temperature Coefficient: X7R; Tolerance: ±10%; Voltage Rating: 25V,"Designators: C31, C45, C49, C52",METADATA_READY,X200T_ECU_B1_V1.0_20240809
C106861,CC0402KRX7R9BB222,YAGEO,2.2nF ±10% 50V Ceramic Capacitor X7R 0402,Capacitors/Ceramic Capacitors,C_2_2nF_0402,C_0402_1005Metric,2.2nF,0402,https://datasheet.lcsc.com/datasheet/pdf/23ccee80ee542e7cf156a772bb589942.pdf?productCode=C106861,,,../datasheets/C106861/CC0402KRX7R9BB222.pdf,,Active,LCSC,C0402,https://www.lcsc.com/product-detail/C106861.html,Package: 0402; Capacitance: 2.2nF; Temperature Coefficient: X7R; Tolerance: ±10%; Voltage Rating: 50V,"Designators: C14, C15",METADATA_READY,X200T_ECU_B1_V1.0_20240809
C113803,CC0603KRX7R0BB104,YAGEO,100nF ±10% 100V Ceramic Capacitor X7R 0603,Capacitors/Ceramic Capacitors,C_100nF_0603,C_0603_1608Metric,100nF,0603,https://datasheet.lcsc.com/datasheet/pdf/23ccee80ee542e7cf156a772bb589942.pdf?productCode=C113803,,,../datasheets/C113803/CC0603KRX7R0BB104.pdf,,Active,LCSC,C0603,https://www.lcsc.com/product-detail/C113803.html,Package: 0603; Capacitance: 100nF; Temperature Coefficient: X7R; Tolerance: ±10%; Voltage Rating: 100V,"Designators: C4, C13",METADATA_READY,X200T_ECU_B1_V1.0_20240809
C113804,CC0603KRX7R0BB222,YAGEO,2.2nF ±10% 100V Ceramic Capacitor X7R 0603,Capacitors/Ceramic Capacitors,C_2_2nF_0603,C_0603_1608Metric,2.2nF,0603,https://datasheet.lcsc.com/datasheet/pdf/23ccee80ee542e7cf156a772bb589942.pdf?productCode=C113804,,,../datasheets/C113804/CC0603KRX7R0BB222.pdf,,Active,LCSC,C0603,https://www.lcsc.com/product-detail/C113804.html,Package: 0603; Capacitance: 2.2nF; Temperature Coefficient: X7R; Tolerance: ±10%; Voltage Rating: 100V,"Designators: C1, C56, C57, C58, C62, C63, C64",METADATA_READY,X200T_ECU_B1_V1.0_20240809
C15725,CL10B104KC8NNNC,Samsung Electro-Mechanics,100nF ±10% 100V Ceramic Capacitor X7R 0603,Capacitors/Ceramic Capacitors,C_100nF_0603,C_0603_1608Metric,100nF,0603,https://datasheet.lcsc.com/datasheet/pdf/02336ea48ea44ca18c72517dd3cb7b47.pdf?productCode=C15725,,,../datasheets/C15725/CL10B104KC8NNNC.pdf,,Active,LCSC,0603-100nF-100V-10%,https://www.lcsc.com/product-detail/C15725.html,Package: 0603; Capacitance: 100nF; Temperature Coefficient: X7R; Tolerance: ±10%; Voltage Rating: 100V,"Sources: BOM_PASTER_8984112A_Y182.xls; Designators: BOM_PASTER_8984112A_Y182.xls: C7,C15,C23",METADATA_READY,legacy_import
C1705,CL10A475KP8NNNC,Samsung Electro-Mechanics,4.7uF ±10% 10V Ceramic Capacitor X5R 0603,Capacitors/Ceramic Capacitors,C_4_7uF_0603,C_0603_1608Metric,4.7uF,0603,https://datasheet.lcsc.com/datasheet/pdf/02336ea48ea44ca18c72517dd3cb7b47.pdf?productCode=C1705,,,../datasheets/C1705/CL10A475KP8NNNC.pdf,,Active,LCSC,0603-4.7uF-10V-10%,https://www.lcsc.com/product-detail/C1705.html,Package: 0603; Capacitance: 4.7uF; Temperature Coefficient: X5R; Tolerance: ±10%; Voltage Rating: 10V,Sources: BOM_PASTER_8984112A_Y182.xls; Designators: BOM_PASTER_8984112A_Y182.xls: C51,METADATA_READY,legacy_import
C23829972,GRM188D72A105KE01D,muRata,1uF ±10% 100V Ceramic Capacitor X7T 0603,Capacitors/Ceramic Capacitors,C_1uF_0603,C_0603_1608Metric,1uF,0603,https://datasheet.lcsc.com/datasheet/pdf/342cc637d93cd94474def6cbba680777.pdf?productCode=C23829972,,,../datasheets/C23829972/GRM188D72A105KE01D.pdf,,Active,LCSC,0603-1uF-100V-10%,https://www.lcsc.com/product-detail/C23829972.html,Package: 0603; Capacitance: 1uF; Temperature Coefficient: X7T; Tolerance: ±10%; Voltage Rating: 100V,"Sources: BOM_PASTER_8984112A_Y185.xls; Designators: BOM_PASTER_8984112A_Y185.xls: C15,C16",METADATA_READY,legacy_import
C2803380,CL05Y105KP6VPNC,Samsung Electro-Mechanics,1uF ±10% 10V Ceramic Capacitor X7S 0402,Capacitors/Ceramic Capacitors,C_1uF_0402,C_0402_1005Metric,1uF,0402,https://datasheet.lcsc.com/datasheet/pdf/0b5a285c1df7dac78985feb71e334603.pdf?productCode=C2803380,,,../datasheets/C2803380/CL05Y105KP6VPNC.pdf,,Active,LCSC,0402-1uF-10V-10%,https://www.lcsc.com/product-detail/C2803380.html,Package: 0402; Capacitance: 1uF; Temperature Coefficient: X7S; Tolerance: ±10%; Voltage Rating: 10V,"Sources: BOM_PASTER_8984112A_Y182.xls, BOM_PASTER_8984112A_Y185.xls, BOM_PASTER_8984112A_Y189.xls; Designators: BOM_PASTER_8984112A_Y182.xls: C2,C25,C28,C53; BOM_PASTER_8984112A_Y185.xls: C8,C11,C13,C17,C25,C26; BOM_PASTER_8984112A_Y189.xls: C2",METADATA_READY,legacy_import
C29936,CL10B105KA8NNNC,SAMSUNG(三星),1uF 25V X7R 0603 ceramic capacitor,Capacitors/Ceramic Capacitors,C_1uF_0603,C_0603_1608Metric,1uF,0603,https://atta.szlcsc.com/upload/public/pdf/source/20160218/1457707763339.pdf,,,../datasheets/C29936/CL10B105KA8NNNC.pdf,,Active,LCSC,C0603,https://www.lcsc.com/product-detail/C29936.html,Package: 0603; Capacitance: 1uF; Voltage: 25V; Tolerance: 10%; Temperature Coefficient: X7R,EBOM BOM_QS01_GD32F503_V1.10; designators C11/C13/C21.,METADATA_READY,EBOM_V1.10
C3039698,CL10B106MQ8NRNC,Samsung Electro-Mechanics,10uF ±20% 6.3V Ceramic Capacitor X7R 0603,Capacitors/Ceramic Capacitors,C_10uF_0603,C_0603_1608Metric,10uF,0603,https://datasheet.lcsc.com/datasheet/pdf/25aeaed41ae8f3c7d2a7fa32796a6299.pdf?productCode=C3039698,,,../datasheets/C3039698/CL10B106MQ8NRNC.pdf,,Active,LCSC,0603-10uF-6.3V-20%,https://www.lcsc.com/product-detail/C3039698.html,Package: 0603; Capacitance: 10uF; Temperature Coefficient: X7R; Tolerance: ±20%; Voltage Rating: 6.3V,Sources: BOM_PASTER_8984112A_Y182.xls; Designators: BOM_PASTER_8984112A_Y182.xls: C20,METADATA_READY,legacy_import
C307331,CL05B104KB54PNC,SAMSUNG,100nF ±10% 50V Ceramic Capacitor X7R,Capacitors/Ceramic Capacitors,,,100nF,0402,https://atta.szlcsc.com/upload/public/pdf/source/20160218/1457707763339.pdf,,,../datasheets/C307331/CL05B104KB54PNC.pdf,,Active,LCSC,0402-100nF-50V-10%,https://item.szlcsc.com/291005.html,Package: 0402; Capacitance: 100nF; Tolerance: ±10%; Voltage Rating: 50V; Temperature Coefficient: X7R,"Designators: Y43-C1,C3,C6,C9,C10,C12,C14,C15,C18",METADATA_READY,Y43
C329936,CGA4J1X7S1C106KT000N,TDK,10uF ±10% 16V Ceramic Capacitor X7S 0805,Capacitors/Ceramic Capacitors,C_10uF_0805,C_0805_2012Metric,10uF,0805,https://datasheet.lcsc.com/datasheet/pdf/fb3179df2df2fa358ee13dff52d60ee7.pdf?productCode=C329936,,,../datasheets/C329936/CGA4J1X7S1C106KT000N.pdf,,Active,LCSC,C0805,https://www.lcsc.com/product-detail/C329936.html,Package: 0805; Capacitance: 10uF; Temperature Coefficient: X7S; Tolerance: ±10%; Voltage Rating: 16V,"Designators: C9, C11, C16, C21, C22, C79, C80",METADATA_READY,X200T_ECU_B1_V1.0_20240809
C382253,FM18X222K101PSG,PSA,2.2nF ±10% 100V Ceramic Capacitor X7R 0603,Capacitors/Ceramic Capacitors,C_2_2nF_0603,C_0603_1608Metric,2.2nF,0603,https://datasheet.lcsc.com/datasheet/pdf/8aced6bf19551db75d1c722c291966af.pdf?productCode=C382253,,,../datasheets/C382253/FM18X222K101PSG.pdf,,OutOfStock,LCSC,0603-2.2nF-100V-10%,https://www.lcsc.com/product-detail/C382253.html,Package: 0603; Capacitance: 2.2nF; Temperature Coefficient: X7R; Tolerance: ±10%; Voltage Rating: 100V,"Sources: BOM_PASTER_8984112A_Y182.xls; Designators: BOM_PASTER_8984112A_Y182.xls: C61,C62,C63",METADATA_READY,legacy_import
C445740,C1005X7S1A225KT000E,TDK,2.2uF 10V X7S 0402 ceramic capacitor,Capacitors/Ceramic Capacitors,C_2_2uF_0402,C_0402_1005Metric,2.2uF,0402,https://atta.szlcsc.com/upload/public/pdf/source/20191108/C445765_930F403C9F9F1C91FA65B6959DB97EFA.pdf,,,../datasheets/C445740/C1005X7S1A225KT000E.pdf,,Active,LCSC,C0402,https://www.lcsc.com/product-detail/C445740.html,Package: 0402; Capacitance: 2.2uF; Voltage: 10V; Tolerance: 10%; Temperature Coefficient: X7S,EBOM BOM_QS01_GD32F503_V1.10; designator C19.,METADATA_READY,EBOM_V1.10
C5156756,FS32X106K101EGG,PSA,10uF ±10% 100V Ceramic Capacitor X7R 1210,Capacitors/Ceramic Capacitors,C_10uF_1210,C_1210_3225Metric,10uF,1210,https://datasheet.lcsc.com/datasheet/pdf/18a0c9f8bf4d73d021cc722eccd020e0.pdf?productCode=C5156756,,,../datasheets/C5156756/FS32X106K101EGG.pdf,,Active,LCSC,1210-10uF-100V-10%,https://www.lcsc.com/product-detail/C5156756.html,Package: 1210; Capacitance: 10uF; Temperature Coefficient: X7R; Tolerance: ±10%; Voltage Rating: 100V,"Sources: BOM_PASTER_8984112A_Y182.xls; Designators: BOM_PASTER_8984112A_Y182.xls: C8,C16,C17,C22",METADATA_READY,legacy_import
C525226,FN15X104K500PKG,PSA,100nF ±10% 50V Ceramic Capacitor X7R 0402,Capacitors/Ceramic Capacitors,C_100nF_0402,C_0402_1005Metric,100nF,0402,https://datasheet.lcsc.com/datasheet/pdf/3d771c0c586676719f80e96a0f8d9dcd.pdf?productCode=C525226,,,../datasheets/C525226/FN15X104K500PKG.pdf,,Active,LCSC,0402-100nF-50V-10%,https://www.lcsc.com/product-detail/C525226.html,Package: 0402; Capacitance: 100nF; Temperature Coefficient: X7R; Tolerance: ±10%; Voltage Rating: 50V,"Sources: BOM_PASTER_8984112A_Y182.xls, BOM_PASTER_8984112A_Y185.xls; Designators: BOM_PASTER_8984112A_Y182.xls: C19; BOM_PASTER_8984112A_Y185.xls: C5",METADATA_READY,legacy_import
C527014,CC0402KRX7R0BB103,YAGEO,10nF ±10% 100V Ceramic Capacitor X7R 0402,Capacitors/Ceramic Capacitors,C_10nF_0402,C_0402_1005Metric,10nF,0402,https://datasheet.lcsc.com/datasheet/pdf/23ccee80ee542e7cf156a772bb589942.pdf?productCode=C527014,,,../datasheets/C527014/CC0402KRX7R0BB103.pdf,,Active,LCSC,CC0402KRX7R0BB103,https://www.lcsc.com/product-detail/C527014.html,Package: 0402; Capacitance: 10nF; Temperature Coefficient: X7R; Tolerance: ±10%; Voltage Rating: 100V,Sources: BOM_PASTER_8984112A_Y182.xls; Designators: BOM_PASTER_8984112A_Y182.xls: C52,METADATA_READY,legacy_import
C52923,CL05A105KA5NQNC,SAMSUNG,1uF ±10% 25V Ceramic Capacitor X5R,Capacitors/Ceramic Capacitors,,,1uF,0402,https://atta.szlcsc.com/upload/public/pdf/source/20160218/1457707763339.pdf,,,../datasheets/C52923/CL05A105KA5NQNC.pdf,,Active,LCSC,0402-1uF-10V-10%,https://item.szlcsc.com/53938.html,Package: 0402; Capacitance: 1uF; Tolerance: ±10%; Voltage Rating: 25V; Temperature Coefficient: X5R,"Designators: Y43-C2,C4,C5,C7,C16",METADATA_READY,Y43
C561710,FN03N100J500PLG,PSA,10pF ±5% 50V Ceramic Capacitor C0G 0201,Capacitors/Ceramic Capacitors,C_10pF_0201,ExternalDriver_0201-10pF-50V-10,10pF,0201,https://datasheet.lcsc.com/datasheet/pdf/1497a6a2cea2f2b0acf5e045d2bc193c.pdf?productCode=C561710,,,../datasheets/C561710/FN03N100J500PLG.pdf,,OutOfStock,LCSC,0201-10pF-50V-10%,https://www.lcsc.com/product-detail/C561710.html,Package: 0201; Capacitance: 10pF; Temperature Coefficient: C0G; Tolerance: ±5%; Voltage Rating: 50V,"Sources: BOM_PASTER_8984112A_Y182.xls; Designators: BOM_PASTER_8984112A_Y182.xls: C29,C32",METADATA_READY,legacy_import
C561711,FN03N101J500PLG,PSA(信昌电陶),100pF 50V 5% 0201 ceramic capacitor,Capacitors/Ceramic Capacitors,C_100pF_0201,C_0201_0603Metric,100pF,0201,https://atta.szlcsc.com/upload/public/pdf/source/20241107/25D13BC56D84FBEC5B349398FCEBBC16.pdf,,,../datasheets/C561711/FN03N101J500PLG.pdf,,Active,LCSC,C0201,https://www.lcsc.com/product-detail/C561711.html,Package: 0201; Capacitance: 100pF; Voltage: 50V; Tolerance: 5%,EBOM BOM_QS01_GD32F503_V1.10; designators C15/C16/C17/C20.,METADATA_READY,EBOM_V1.10
C576517,GRM32EC72A106KE05L,muRata,10uF ±10% 100V Ceramic Capacitor X7S 1210,Capacitors/Ceramic Capacitors,C_10uF_1210,C_1210_3225Metric,10uF,1210,https://datasheet.lcsc.com/datasheet/pdf/a5661d5fbdf2b41a50853cb83d84d655.pdf?productCode=C576517,,,../datasheets/C576517/GRM32EC72A106KE05L.pdf,,Active,LCSC,C1210,https://www.lcsc.com/product-detail/C576517.html,Package: 1210; Capacitance: 10uF; Temperature Coefficient: X7S; Tolerance: ±10%; Voltage Rating: 100V,"Designators: C2, C3, C5, C6, C7, C8, C17, C46, C47, C48, C81, C82, C83, C87, C88",METADATA_READY,X200T_ECU_B1_V1.0_20240809
C577211,CC1206KKX7R0BB225,YAGEO,2.2uF ±10% 100V Ceramic Capacitor X7R 1206,Capacitors/Ceramic Capacitors,C_2_2uF_1206,C_1206_3216Metric,2.2uF,1206,https://datasheet.lcsc.com/datasheet/pdf/23ccee80ee542e7cf156a772bb589942.pdf?productCode=C577211,,,../datasheets/C577211/CC1206KKX7R0BB225.pdf,,Active,LCSC,C1206,https://www.lcsc.com/product-detail/C577211.html,Package: 1206; Capacitance: 2.2uF; Temperature Coefficient: X7R; Tolerance: ±10%; Voltage Rating: 100V,Designators: C12,METADATA_READY,X200T_ECU_B1_V1.0_20240809
C596322,CC1206JKNPOZBN222,YAGEO,2.2nF ±5% 630V Ceramic Capacitor NP0 1206,Capacitors/Ceramic Capacitors,C_2_2nF_1206,C_1206_3216Metric,2.2nF,1206,https://datasheet.lcsc.com/datasheet/pdf/9a86cbae8c34c796174906a7ab23dad0.pdf?productCode=C596322,,,../datasheets/C596322/CC1206JKNPOZBN222.pdf,,Active,LCSC,CC1206JKNPOZBN222,https://www.lcsc.com/product-detail/C596322.html,Package: 1206; Capacitance: 2.2nF; Temperature Coefficient: NP0; Tolerance: ±5%; Voltage Rating: 630V,"Sources: BOM_PASTER_8984112A_Y182.xls; Designators: BOM_PASTER_8984112A_Y182.xls: C14,C18",METADATA_READY,X200T_ECU_B1_V1.0_20240809; legacy_import
C60137,CC0402JRNPO9BN470,YAGEO,47pF ±5% 50V Ceramic Capacitor NP0 0402,Capacitors/Ceramic Capacitors,C_47pF_0402,C_0402_1005Metric,47pF,0402,https://datasheet.lcsc.com/datasheet/pdf/4eca2bb4b507f1633db47e922d632b95.pdf?productCode=C60137,,,../datasheets/C60137/CC0402JRNPO9BN470.pdf,,Active,LCSC,C0402,https://www.lcsc.com/product-detail/C60137.html,Package: 0402; Capacitance: 47pF; Temperature Coefficient: NP0; Tolerance: ±5%; Voltage Rating: 50V,Designators: C35,METADATA_READY,X200T_ECU_B1_V1.0_20240809
C668346,GRM033Z71C104KE14D,muRata,100nF ±10% 16V Ceramic Capacitor X7R 0201,Capacitors/Ceramic Capacitors,C_100nF_0201,ExternalDriver_0201-100nF-16V-10,100nF,0201,https://datasheet.lcsc.com/datasheet/pdf/0fb4604782167a586c3dd1f22396ac96.pdf?productCode=C668346,,,../datasheets/C668346/GRM033Z71C104KE14D.pdf,,Active,LCSC,0201-100nF-16V-10%,https://www.lcsc.com/product-detail/C668346.html,Package: 0201; Capacitance: 100nF; Temperature Coefficient: X7R; Tolerance: ±10%; Voltage Rating: 16V,"Sources: BOM_PASTER_8984112A_Y182.xls, BOM_PASTER_8984112A_Y185.xls, BOM_PASTER_8984112A_Y189.xls; Designators: BOM_PASTER_8984112A_Y182.xls: C1,C6,C12,C13,C21,C26,C27,C30,C31,C33,C34,C38,C46,C47,C48,C49,C50,C54,C55,C58,C59,C60; BOM_PASTER_8984112A_Y185.xls: C1,C2,C3,C4,C6,C7,C9,C12,C14,C21,C24; BOM_PASTER_8984112A_Y189.xls: C1",METADATA_READY,legacy_import
C694230,CGA4J1X7S1E106KT0Y0N,TDK,10uF 25V X7S 0805 ceramic capacitor,Capacitors/Ceramic Capacitors,C_10uF_0805,C_0805_2012Metric,10uF,0805,https://atta.szlcsc.com/upload/public/pdf/source/20200407/C342975_AB13C551805E4B495BBDB585D2C58CA0.pdf,,,../datasheets/C694230/CGA4J1X7S1E106KT0Y0N.pdf,,Active,LCSC,C0805,https://www.lcsc.com/product-detail/C694230.html,Package: 0805; Capacitance: 10uF; Voltage: 25V; Tolerance: 10%; Temperature Coefficient: X7S,EBOM BOM_QS01_GD32F503_V1.10; designator C18.,METADATA_READY,EBOM_V1.10
C730413,CL03C101JB3NNNC,Samsung Electro-Mechanics,100pF ±5% 50V Ceramic Capacitor C0G 0201,Capacitors/Ceramic Capacitors,C_100pF_0201,ExternalDriver_0201-100pF-50V-5,100pF,0201,https://datasheet.lcsc.com/datasheet/pdf/02336ea48ea44ca18c72517dd3cb7b47.pdf?productCode=C730413,,,../datasheets/C730413/CL03C101JB3NNNC.pdf,,OutOfStock,LCSC,0201-100pF-50V-5%,https://www.lcsc.com/product-detail/C730413.html,Package: 0201; Capacitance: 100pF; Temperature Coefficient: C0G; Tolerance: ±5%; Voltage Rating: 50V,"Sources: BOM_PASTER_8984112A_Y182.xls, BOM_PASTER_8984112A_Y185.xls; Designators: BOM_PASTER_8984112A_Y182.xls: C3,C4,C5,C9,C10,C11,C24,C35,C36,C37,C39,C40,C42,C43,C44,C45; BOM_PASTER_8984112A_Y185.xls: C18,C19,C20,C22",METADATA_READY,legacy_import
C730422,CL03Y104KO3NNNC,SAMSUNG,100nF ±10% 16V Ceramic Capacitor X7R,Capacitors/Ceramic Capacitors,,,100nF,0201,https://atta.szlcsc.com/upload/public/pdf/source/20160218/1457707763339.pdf,,,../datasheets/C730422/CL03Y104KO3NNNC.pdf,,Active,LCSC,0201-100nF-16V-10%,https://item.szlcsc.com/778821.html,Package: 0201; Capacitance: 100nF; Tolerance: ±10%; Voltage Rating: 16V; Temperature Coefficient: X7R,Designators: Y43-C17; Z300BL-C17,METADATA_READY,Y43; Z300BL
C76941,GRM033R71A103KA01D,muRata,10nF ±10% 10V Ceramic Capacitor X7R 0201,Capacitors/Ceramic Capacitors,C_10nF_0201,ExternalDriver_0201-10nF-10V-10,10nF,0201,https://datasheet.lcsc.com/datasheet/pdf/58a7d404c3534585b4a0e91caba788f7.pdf?productCode=C76941,,,../datasheets/C76941/GRM033R71A103KA01D.pdf,,Active,LCSC,0201-10nF-10V-10%,https://www.lcsc.com/product-detail/C76941.html,Package: 0201; Capacitance: 10nF; Temperature Coefficient: X7R; Tolerance: ±10%; Voltage Rating: 10V,Sources: BOM_PASTER_8984112A_Y185.xls; Designators: BOM_PASTER_8984112A_Y185.xls: C10,METADATA_READY,legacy_import
C77020,GRM155R71H104KE14D,muRata,100nF ±10% 50V Ceramic Capacitor X7R 0402,Capacitors/Ceramic Capacitors,C_100nF_0402,C_0402_1005Metric,100nF,0402,https://datasheet.lcsc.com/datasheet/pdf/64ac52ef9cc4e1905eba7e2ece85e662.pdf?productCode=C77020,,,../datasheets/C77020/GRM155R71H104KE14D.pdf,,Active,LCSC,C0402,https://www.lcsc.com/product-detail/C77020.html,Package: 0402; Capacitance: 100nF; Temperature Coefficient: X7R; Tolerance: ±10%; Voltage Rating: 50V,"Designators: C10, C18, C19, C20, C23, C24, C25, C26, C30, C32, C34, C36, C38, C39, C40, C41, C42, C43, C44, C50, C51, C72, C77, C78",METADATA_READY,X200T_ECU_B1_V1.0_20240809
